Gene_ID,baseMean,log2FoldChange,lfcSE,stat,pvalue,padj,CHROM,lowerPOS,upperPOS,Gene_Name,in_range,in_range_pval,closest_smaller,closest_smaller_pval,closest_larger,closest_larger_pval
YLR303W,5934.345291,0.550312891,0.1075337,5.117585374,3.09e-07,0.001739233,chr12,732542,733876,MET17,NA,NA,613771,2.0473236684485e-07,793724,2.87600611095799e-21
YLR216C,4436.599927,0.589405158,0.125428027,4.699150376,2.61e-06,0.007341014,chr12,572096,573211,CPR6,NA,NA,451257,1.8490047116035e-12,592887,1.96035189183206e-07
YKL096W,5433.704386,0.534724102,0.117284421,4.559208277,5.13e-06,0.009618973,chr11,261132,261851,CWP1,NA,NA,226258,8.3261782293518e-11,355603,2.48739500507483e-13
YDR543C,20.87600506,1.170317689,0.266098931,4.398054823,1.09e-05,0.015346168,chr4,1524634,1524933,YDR543C,NA,NA,1523087,2.11810393524041e-08,NA,NA
YDR147W,502.7302511,-0.338189957,0.080644144,-4.193608348,2.75e-05,0.022627112,chr4,751631,753235,EKI1,NA,NA,523790,5.00048737814155e-08,757367,3.96926894594427e-07
YKR099W,1948.198787,0.252911724,0.060761353,4.162378083,3.15e-05,0.022627112,chr11,635851,638286,BAS1,NA,NA,389134,3.06713902368374e-10,NA,NA
YGR109C,648.1074791,-0.407623107,0.098319683,-4.145895259,3.38e-05,0.022627112,chr7,705359,706501,CLB6,NA,NA,661677,6.87889132679298e-09,877185,3.2187367522536e-07
YOR079C,416.207076,0.329382887,0.079577594,4.139141071,3.49e-05,0.022627112,chr15,473475,474416,ATX2,NA,NA,407924,5.23014650277355e-08,1054799,5.13887075335834e-08
YDR092W,2577.764765,0.451127905,0.109534743,4.118582769,3.81e-05,0.022627112,chr4,629876,630605,UBC13,NA,NA,523790,5.00048737814155e-08,757367,3.96926894594427e-07
YOR287C,2172.739122,0.491126994,0.119612835,4.105972343,4.03e-05,0.022627112,chr15,850937,851839,RRP36,NA,NA,407924,5.23014650277355e-08,1054799,5.13887075335834e-08
YLR064W,2005.587396,0.311374031,0.076247553,4.083724917,4.43e-05,0.022643231,chr12,265456,266277,PER33,NA,NA,150541,2.64179770352499e-08,301171,1.02680930153148e-08
YLR050C,2079.483538,0.389347852,0.096446907,4.036913817,5.42e-05,0.025364443,chr12,245587,246072,EMA19,NA,NA,150541,2.64179770352499e-08,301171,1.02680930153148e-08
YGR221C,229.1768425,-0.37039057,0.093328797,-3.968663281,7.23e-05,0.03087234,chr7,937124,938992,TOS2,NA,NA,931627,8.9912733250481e-14,987011,1.00536310393071e-07
YEL059C-A,673.9776773,0.420851181,0.10644107,3.95384206,7.69e-05,0.03087234,chr5,42400,42624,SOM1,NA,NA,18949,6.65061061251706e-13,63748,2.87696749296165e-07
YHL020C,595.3674138,-0.344733209,0.087563162,-3.936966186,8.25e-05,0.03091683,chr8,66242,67456,OPI1,NA,NA,53882,5.53536078218345e-07,92155,9.54033676504371e-09
YHR011W,253.2581036,-0.46410975,0.118800985,-3.906615333,9.36e-05,0.03287629,chr8,127780,129120,DIA4,NA,NA,92155,9.54033676504371e-09,134240,6.59079482845846e-07
YDL175C,255.2234469,-0.458926776,0.118084882,-3.886414331,0.000101736,0.033632661,chr4,144484,145518,AIR2,NA,NA,NA,NA,319317,2.30989411730661e-07
YNL111C,6325.700568,0.625131355,0.16444878,3.801374241,0.000143896,0.044927457,chr14,416940,417302,CYB5,NA,NA,282751,9.08872214857736e-13,704450,9.76167880074249e-17
YLR110C,309795.3042,0.47482226,0.12676057,3.745819851,0.000179806,0.045149906,chr12,369697,370098,CCW12,NA,NA,329759,1.1503079450765e-10,375290,1.41785974648402e-09
YOR231W,261.4365663,-0.413880688,0.111170679,-3.722930289,0.000196924,0.045149906,chr15,772601,774127,MKK1,NA,NA,407924,5.23014650277355e-08,1054799,5.13887075335834e-08
YBR054W,204.1401598,-0.757438647,0.203569916,-3.720778895,0.000198609,0.045149906,chr2,343101,344135,YRO2,NA,NA,324135,5.4464956332002e-07,372350,8.12010516196174e-17
YOR313C,71.27017044,-0.700521539,0.188339939,-3.719452925,0.000199655,0.045149906,chr15,901858,902874,SPS4,NA,NA,407924,5.23014650277355e-08,1054799,5.13887075335834e-08
YAL005C,5527.849119,0.691112989,0.185840282,3.718854598,0.000200128,0.045149906,chr1,139503,141431,SSA1,NA,NA,1536,3.5632048916586e-15,176694,7.95706471066989e-08
YGR060W,19705.56499,0.246790919,0.066431384,3.714974824,0.000203224,0.045149906,chr7,610564,611493,ERG25,NA,NA,530031,5.04762174178452e-07,660617,1.41517190304003e-07
YGL157W,1703.714088,0.452979506,0.12212168,3.709247251,0.000207876,0.045149906,chr7,209006,210049,ARI1,NA,NA,158926,3.79735893829685e-12,280162,4.45373782526083e-09
YDR072C,1028.865315,0.43480531,0.117260487,3.70802921,0.000208879,0.045149906,chr4,589761,591344,IPT1,NA,NA,523790,5.00048737814155e-08,757367,3.96926894594427e-07
YPL075W,478.1025419,-0.356037138,0.096333561,-3.695878513,0.000219128,0.045611034,chr16,412254,415362,GCR1,NA,NA,252298,2.8615291150036e-08,572049,3.29883179489984e-09
YLR109W,57163.9854,0.483056332,0.132378657,3.649049955,0.000263212,0.052830393,chr12,368781,369311,AHP1,NA,NA,329759,1.1503079450765e-10,375290,1.41785974648402e-09
YPR151C,391.0653349,0.5130119,0.141289544,3.630926163,0.000282406,0.054728331,chr16,831055,831675,SUE1,NA,NA,711691,3.11215820307298e-09,926851,2.41311746382037e-08
YER142C,242.1311304,0.482601966,0.134570961,3.586226655,0.000335497,0.062849843,chr5,455146,456036,MAG1,NA,NA,318309,5.29119670436622e-07,561678,1.23989761544645e-09
YNR066C,44.37117631,0.840167119,0.235405702,3.56901771,0.000358322,0.064960348,chr14,753725,755035,YNR066C,NA,NA,753290,1.62715238975366e-09,NA,NA
YJL037W,164.2530245,0.686306247,0.19375802,3.542079182,0.000396986,0.06909513,chr10,376662,377336,IRC18,NA,NA,367212,4.42307953875079e-07,400207,1.55051912284367e-13
YHL028W,81.48298759,-0.772283114,0.218530358,-3.533985486,0.000409344,0.06909513,chr8,48763,50580,WSC4,49887|49899,4.18031123044577e-07|3.74568075904624e-08,NA,NA,NA,NA
YDL110C,969.6557839,0.567311789,0.161179613,3.519749037,0.000431955,0.06909513,chr4,264512,264964,TMA17,NA,NA,NA,NA,319317,2.30989411730661e-07
YBR105C,640.8510498,0.540870338,0.153691787,3.519188298,0.000432869,0.06909513,chr2,450881,451969,VID24,NA,NA,415599,2.2344529334496e-07,532411,6.90220412914377e-07
YOR382W,2461.978961,1.007601418,0.286797509,3.513285116,0.000442602,0.06909513,chr15,1059531,1059992,FIT2,NA,NA,1057081,6.12236559811379e-10,1069076,8.13633139130784e-08
YHR070W,4859.917274,0.323603749,0.092509499,3.498059679,0.000468656,0.070174827,chr8,234881,236380,TRM5,NA,NA,201673,5.19395948008613e-08,467079,5.54467613971861e-07
YDR475C,372.0610048,-0.497885161,0.142466276,-3.494758032,0.000474492,0.070174827,chr4,1407464,1410094,JIP4 ,NA,NA,1357979,1.24867033150518e-07,1523087,2.11810393524041e-08
YJL173C,3317.2942,0.343146732,0.098575626,3.481050512,0.000499451,0.071972212,chr10,96161,96529,RFA3,96323|96365|96379|96432,4.5921007729194e-12|6.62023497996372e-12|5.53098453914646e-12|3.45401528990193e-10,NA,NA,NA,NA
YHR039C-A,16392.59802,0.423665158,0.122693309,3.453042069,0.000554303,0.076820463,chr8,187173,187679,VMA10,NA,NA,167570,3.14451896595206e-08,201673,5.19395948008613e-08
YMR191W,78.17832108,0.852947654,0.247597452,3.444896735,0.000571278,0.076820463,chr13,645656,646777,SPG5,NA,NA,633893,5.38295557444691e-07,653809,2.46232448916313e-07
YIL064W,1331.780424,-0.52064531,0.151193787,-3.443562865,0.000574103,0.076820463,chr9,242027,242716,EFM4,NA,NA,197202,1.2408781238742e-07,290131,8.33491402382162e-08
YLL001W,364.5200823,-0.312517632,0.091364273,-3.420567147,0.000624907,0.081599617,chr12,147890,150163,DNM1,NA,NA,NA,NA,150541,2.64179770352499e-08
YLR103C,264.2583568,-0.382419484,0.112005973,-3.414277597,0.000639514,0.081599617,chr12,343989,345941,CDC45,NA,NA,329759,1.1503079450765e-10,375290,1.41785974648402e-09
YJL218W,194.3715848,0.51975557,0.152491183,3.408430312,0.000653378,0.081599617,chr10,21973,22563,YJL218W,NA,NA,NA,NA,24779,3.1369248685831e-07
YBL054W,2306.554523,0.348606083,0.102491693,3.401310597,0.000670636,0.081934204,chr2,117589,119166,TOD6,NA,NA,9439,1.08342684867306e-08,268913,5.01071547667326e-07
YNL259C,2395.716312,0.287746622,0.084997497,3.385354065,0.000710865,0.083344514,chr14,157644,157865,ATX1,NA,NA,NA,NA,254840,2.25623677474298e-09
YCR015C,2036.479798,0.345181754,0.101974589,3.384978128,0.000711839,0.083344514,chr3,141217,142170,CTO1,NA,NA,4395,1.28779576484997e-11,268841,6.91223712391396e-21
YHR071W,1424.47654,0.365491068,0.109244638,3.345620201,0.000820988,0.093453814,chr8,237004,237693,PCL5,NA,NA,201673,5.19395948008613e-08,467079,5.54467613971861e-07
YFL039C,53138.5595,0.282271177,0.084515113,3.339889939,0.000838116,0.093453814,chr6,53260,54696,ACT1,NA,NA,26594,5.58264340943549e-07,205105,3.61435542723541e-08
YPL189C-A,1798.721286,0.482373911,0.144792838,3.331476315,0.000863867,0.093453814,chr16,188307,188513,COA2,NA,NA,134206,4.86067984889716e-07,252286,4.0769083167356e-11
YBL035C,165.2036128,-0.345704409,0.103777467,-3.331208787,0.000864697,0.093453814,chr2,151493,153610,POL12,NA,NA,9439,1.08342684867306e-08,268913,5.01071547667326e-07
YDR380W,975.6999173,0.534688766,0.161592235,3.308876598,0.000936711,0.098310145,chr4,1234218,1236125,ARO10,NA,NA,1163959,2.29374368241273e-07,1308631,1.2921506071449e-19
YDR006C,1692.642299,0.296604,0.089702697,3.306522673,0.000944617,0.098310145,chr3,458542,461247,SOK1,NA,NA,315729,2.25222597655487e-18,NA,NA
YER048W-A,2383.373342,0.324319753,0.098345734,3.297751117,0.000974625,0.098472365,chr5,250718,251002,ISD11,NA,NA,175619,2.44707990375183e-08,318309,5.29119670436622e-07
YDL097C,3141.665823,0.413549943,0.125584137,3.29301098,0.000991206,0.098472365,chr4,285391,286695,RPN6,NA,NA,NA,NA,319317,2.30989411730661e-07
YJR007W,10063.30104,0.203569084,0.061858534,3.290881128,0.000998741,0.098472365,chr10,451020,451934,SUI2,NA,NA,439622,8.55278021483563e-09,606453,3.78530476427764e-09
YDR347W,831.6555014,-0.218285818,0.066674999,-3.273878061,0.001060824,0.099792774,chr4,1169178,1170143,MRP1,NA,NA,1163959,2.29374368241273e-07,1308631,1.2921506071449e-19
YHR124W,41.22829328,-0.74747036,0.228318345,-3.273807714,0.001061088,0.099792774,chr8,356561,358444,NDT80,NA,NA,201673,5.19395948008613e-08,467079,5.54467613971861e-07
YLR363W-A,2234.300917,0.222428196,0.067965556,3.272660596,0.001065403,0.099792774,chr12,853461,853718,YLR363W-A,NA,NA,818466,5.83759623297141e-07,954228,3.60342309484431e-07
