Gene ID,Gene Name,Chromosome,Start Position,End Position,SGD_description,baseMean,log2FoldChange,lfcSE,stat,pvalue,padj ,variant_positions,sig_pvals,closest_upstream_variant,dist_from_UGV,upstream_pval,closest_downstream_variant,dist_from_DGV,downstream_pval
YDR543C,YDR543C,chr4,1524634,1524933,"Dubious open reading frame; unlikely to encode a functional protein, based on available experimental and comparative sequence data",20.87600506,-1.170317391,0.266098933,-4.398053687,1.09E-05,0.015346248,NA,NA,1523087,1547,2.12E-08,NA,NA,NA
YOR382W,FIT2,chr15,1059531,1059992,"Protein involved in siderophore transport; localizes to cell wall, vacuole and cell periphery",2461.978961,-1.00760038,0.286797508,-3.513281496,0.000442608,0.069096072,NA,NA,1057081,2450,6.12E-10,1069076,9084,8.14E-08
YMR191W,SPG5,chr13,645656,646777,Proteasome-binding protein involved in proteasome assembly,78.17832108,-0.852947236,0.24759745,-3.444895068,0.000571281,0.076820011,NA,NA,633893,11763,5.38E-07,653809,7032,2.46E-07
YNR066C,YNR066C,chr14,753725,755035,Predicted integral membrane protein whose biological role is unknown,44.37117631,-0.840166788,0.235405701,-3.569016321,0.000358324,0.064960693,NA,NA,753290,435,1.63E-09,NA,NA,NA
YAL005C,SSA1,chr1,139503,141431,"ATPase involved in protein folding, nuclear import, stress granule disassembly, and clathrin coat disassembly; localizes to many places in the cell, including the cell wall, vacuolar and plasma membranes, and the nucleus",5527.849119,-0.69111254,0.185840282,-3.718852183,0.00020013,0.045150119,NA,NA,1536,137967,3.56E-15,176694,35263,7.96E-08
YJL037W,IRC18,chr10,376662,377336,Vacuolar protein involved in ascospore wall assembly,164.2530245,-0.686305967,0.193758019,-3.542077739,0.000396988,0.069096072,NA,NA,367212,9450,4.42E-07,400207,22871,1.55E-13
YNL111C,CYB5,chr14,416940,417302,Electron donor for sterol C5-6 desaturation in sterol biosynthesis; localized to ER membrane,6325.700568,-0.625131004,0.16444878,-3.801372106,0.000143897,0.044927844,NA,NA,282751,134189,9.09E-13,704450,287148,9.76E-17
YLR216C,CPR6,chr12,572096,573211,Peptidyl-prolyl cis-trans isomerase that converts peptide bonds located next to proline residues between cis and trans configuration; involved in folding of several proteins including Hsp90; localized to the cytoplasm,4436.599927,-0.589404966,0.125428027,-4.699148838,2.61E-06,0.007341069,NA,NA,451257,120839,1.85E-12,592887,19676,1.96E-07
YDL110C,TMA17,chr4,264512,264964,Protein-macromolecule adaptor involved in proteasome regulatory particle assembly and fatty acid biosynthesis; subunit of fatty acid synthase complex,969.6557839,-0.56731152,0.161179613,-3.51974737,0.000431958,0.069096072,NA,NA,NA,NA,NA,319317,54353,2.31E-07
YLR303W,MET17,chr12,732542,733876,Bifunctional enzyme with O-acetylserine and O-acetylhomoserine sulfhydrylase activities involved in methionine and cysteine metabolism; catalyses the reaction between acetylated serine or homoserine with thiol to produce the corresponding amino acids; localized to the cytoplasm and plasma membrane,5934.345291,-0.550312746,0.1075337,-5.117584022,3.09E-07,0.001739245,NA,NA,613771,118771,2.05E-07,793724,59848,2.88E-21
YBR105C,VID24,chr2,450881,451969,Subunit of GID (Glucose Induced degradation Deficient) complex; involved in negative regulation of gluconeogenesis via proteasome-mediated ubiquitin-dependent protein catabolic process,640.8510498,-0.540870118,0.153691787,-3.519186866,0.000432872,0.069096072,NA,NA,415599,35282,2.23E-07,532411,80442,6.90E-07
YKL096W,CWP1,chr11,261132,261851,"A structural constituent of the cell wall involved in both fungal-type cell wall organization and ascospore-type prospore membrane assembly; localized in the cell wall, cellular birth scar, and prospore membrane",5433.704386,-0.534723929,0.117284421,-4.55920681,5.13E-06,0.00961904,NA,NA,226258,34874,8.33E-11,355603,93752,2.49E-13
YDR380W,ARO10,chr4,1234218,1236125,"Phenylpyruvate decarboxylase involved in the catabolism of aromatic amino acids, branched-chain amino acids, and methionine via the Ehrlich pathway; localizes to the cytosol in high-throughput studies",975.6999173,-0.534688493,0.161592235,-3.308874912,0.000936717,0.098310482,NA,NA,1163959,70259,2.29E-07,1308631,72506,1.29E-19
YJL218W,YJL218W,chr10,21973,22563,"Mitochondrial protein, putative acetyltransferase; similar to bacterial galactoside O-acetyltransferases; induced by oleate in OAF1/PIP2-dependent manner; promoter contains oleate response element consensus sequence; mutation decreases salt tolerance; non-essential gene",194.3715848,-0.519755387,0.152491183,-3.408429113,0.000653381,0.081599976,NA,NA,NA,NA,NA,24779,2216,3.14E-07
YPR151C,SUE1,chr16,831055,831675,Protein involved in protein degradation; localized to the mitochondrial envelope,391.0653349,-0.513011729,0.141289544,-3.630924951,0.000282407,0.054728588,NA,NA,711691,119364,3.11E-09,926851,95176,2.41E-08
YOR287C,RRP36,chr15,850937,851839,"Subunit of small ribosomal subunit processome, variants 1, 2, and 3; involved in ribosomal RNA (rRNA) processing, maturation of Small SubUnit ribosomal RNA (SSU-rRNA) from tricistronic ribosomal RNA (rRNA) and ribosomal small subunit biogenesis; localized to the nucleolus and 90S preribosome",2172.739122,-0.491126835,0.119612835,-4.105971018,4.03E-05,0.022627242,NA,NA,407924,443013,5.23E-08,1054799,202960,5.14E-08
YLR109W,AHP1,chr12,368781,369311,"Thioredoxin peroxidase involved in oxidative stress response, redox homeostasis, and response to metal ion; localizes to cytoplasm, cytosol and plasma membrane",57163.9854,-0.483056055,0.132378657,-3.649047863,0.000263214,0.052830823,NA,NA,329759,39022,1.15E-10,375290,5979,1.42E-09
YER142C,MAG1,chr5,455146,456036,Damaged DNA-binding alkylbase DNA N-glycosylase involved in DNA repair,242.1311304,-0.482601823,0.134570961,-3.586225595,0.000335499,0.062850099,NA,NA,318309,136837,5.29E-07,561678,105642,1.24E-09
YPL189C-A,COA2,chr16,188307,188513,Protein involved in assembly of mitochondrial cytochrome c oxidase; localized to the mitochondrial matrix,1798.721286,-0.482373683,0.144792838,-3.331474738,0.000863871,0.093453551,NA,NA,134206,54101,4.86E-07,252286,63773,4.08E-11
YLR110C,CCW12,chr12,369697,370098,Structural constituent of cell wall; involved in agglutination during conjugation and fungal cell wall organization; localizes to the bud tip and mating projection tip,309795.3042,-0.474821963,0.12676057,-3.745817505,0.000179807,0.045150119,NA,NA,329759,39938,1.15E-10,375290,5192,1.42E-09
YGL157W,ARI1,chr7,209006,210049,NADPH-dependent aldehyde reductase; localizes to cytoplasm and nucleus,1703.714088,-0.452979345,0.12212168,-3.709245932,0.000207877,0.045150119,NA,NA,158926,50080,3.80E-12,280162,70113,4.45E-09
YDR092W,UBC13,chr4,629876,630605,"Protein-binding subunit of ubiquitin conjugating enzyme complex; involved in protein polyubiquitination, free ubiquitin chain polymerization, and postreplication repair; localizes to nucleus and cytoplasm",2577.764765,-0.451127769,0.109534743,-4.11858152,3.81E-05,0.022627242,NA,NA,523790,106086,5.00E-08,757367,126762,3.97E-07
YDR072C,IPT1,chr4,589761,591344,Membrane protein with transferase activity; involved in metabolism of mannosyl diphosphorylinositol ceramide and sphingolipids; has a role in negative regulation of autophagy,1028.865315,-0.43480517,0.117260487,-3.708028013,0.00020888,0.045150119,NA,NA,523790,65971,5.00E-08,757367,166023,3.97E-07
YHR039C-A,VMA10,chr8,187173,187679,Subunit of V1 peripheral membrane domain of V-ATPase involved in vacuolar acidification; localizes to vacuole membrane,16392.59802,-0.423664942,0.122693309,-3.453040316,0.000554306,0.076820011,NA,NA,167570,19603,3.14E-08,201673,13994,5.19E-08
YEL059C-A,SOM1,chr5,42400,42624,Subunit of mitochondrial inner membrane peptidase complex involved in proteolysis and mitochondrial respiratory chain complex assembly,673.9776773,-0.420851074,0.10644107,-3.953841059,7.69E-05,0.030872469,NA,NA,18949,23451,6.65E-13,63748,21124,2.88E-07
YDL097C,RPN6,chr4,285391,286695,Protein abundance increases in response to DNA replication stress,3141.665823,-0.413549756,0.125584137,-3.293009488,0.000991211,0.09847265,NA,NA,NA,NA,NA,319317,32622,2.31E-07
YLR050C,EMA19,chr12,245587,246072,Integral ER membrane protein involved in protein targeting to mitochondrion,2079.483538,-0.38934775,0.096446907,-4.036912765,5.42E-05,0.025364557,NA,NA,150541,95046,2.64E-08,301171,55099,1.03E-08
YHR071W,PCL5,chr8,237004,237693,Regulatory subunit of the cyclin-dependent PCL5-PHO85 kinase holoenzyme complex that positively controls degradation of transcription factor GCN4 under favorable growth conditions; also involved in regulation of macroautophagy; localizes to the nucleus,1424.47654,-0.365490941,0.109244638,-3.345619035,0.000820991,0.093453551,NA,NA,201673,35331,5.19E-08,467079,229386,5.54E-07
YBL054W,TOD6,chr2,117589,119166,Sequence-specific DNA binding protein involved in regulation of RNA polymerase II transcription; subunit of the Rpd3L-Expanded chromatin remodeling histone deacetylase complex,2306.554523,-0.348605967,0.102491693,-3.401309472,0.000670639,0.081934541,NA,NA,9439,108150,1.08E-08,268913,149747,5.01E-07
YCR015C,CTO1,chr3,141217,142170,Thiamine phosphate phosphatase involved in phosphate ion transport; cellular location is unknown,2036.479798,-0.345181639,0.101974589,-3.384976994,0.000711842,0.083344858,NA,NA,4395,136822,1.29E-11,268841,126671,6.91E-21
YJL173C,RFA3,chr10,96161,96529,"DNA binding subunit of replication protein A complex involved in DNA recombination, replication and repair processes, including telomere maintenance, nucleotide-excision repair, mitotic recombination and double-strand break repair; localized to condensed nuclear chromosome, telomeric regions of chromosomes",3317.2942,-0.343146618,0.098575626,-3.48104936,0.000499453,0.071972521,"96323, 96365, 96379, 96432","4.5921007729194E-12, 6.62E-12, 5.53E-12, 3.45E-10",NA,0,NA,NA,0,NA
YOR079C,ATX2,chr15,473475,474416,"Manganese ion transmembrane transporter involved in manganese ion homeostasis; localizes to endoplasmic reticulum, Golgi membrane, trans-Golgi network, and late endosome",416.207076,-0.329382833,0.079577594,-4.139140394,3.49E-05,0.022627242,NA,NA,407924,65551,5.23E-08,1054799,580383,5.14E-08
YER048W-A,ISD11,chr5,250718,251002,Subunit of the mitochondrial NIAUFX iron-sulfur cluster assembly complex; contributes to cysteine desulferase activity,2383.373342,-0.324319645,0.098345734,-3.297750015,0.000974629,0.09847265,NA,NA,175619,75099,2.45E-08,318309,67307,5.29E-07
YHR070W,TRM5,chr8,234881,236380,tRNA methyltransferase that methylates guanine residues in both cytoplasmic and mitochondrial tRNAs; localized to both the cytoplasm and to mitochondria,4859.917274,-0.323603643,0.092509499,-3.49805853,0.000468658,0.070174493,NA,NA,201673,33208,5.19E-08,467079,230699,5.54E-07
YLR064W,PER33,chr12,265456,266277,Protein whose biological role is unknown; localizes to the endoplasmic reticulum and nuclear envelope,2005.587396,-0.311373967,0.076247553,-4.083724091,4.43E-05,0.022643312,NA,NA,150541,114915,2.64E-08,301171,34894,1.03E-08
YDR006C,SOK1,chr3,458542,461247,Nuclear protein involved in protein kinase A signaling,1692.642299,-0.296603914,0.089702697,-3.306521714,0.00094462,0.098310482,NA,NA,315729,142813,2.25E-18,NA,NA,NA
YNL259C,ATX1,chr14,157644,157865,Copper chaperone involved in cellular response to oxidative stress and iron ion homeostasis; localizes to the cytosol,2395.716312,-0.287746541,0.084997497,-3.38535312,0.000710867,0.083344858,NA,NA,NA,NA,NA,254840,96975,2.26E-09
YFL039C,ACT1,chr6,53260,54696,Structural constituent of the cytoskeleton; involved in cell polarity and actomyosin contractile ring assembly during cell division,53138.5595,-0.282271065,0.084515113,-3.339888614,0.00083812,0.093453551,NA,NA,26594,26666,5.58E-07,205105,150409,3.61E-08
YKR099W,BAS1,chr11,635851,638286,Sequence-specific DNA binding RNA polymerase II transcription activator; localizes to nucleus,1948.198787,-0.252911685,0.060761353,-4.162377437,3.15E-05,0.022627242,NA,NA,389134,246717,3.07E-10,NA,0,NA
YGR060W,ERG25,chr7,610564,611493,C-4 methylsterol oxidase involved in ergosterol biosynthesis; localizes to plasma membrane and endoplasmic reticulum membrane,19705.56499,-0.246790856,0.066431384,-3.714973878,0.000203225,0.045150119,NA,NA,530031,80533,5.05E-07,660617,49124,1.42E-07
YLR363W-A,YLR363W-A,chr12,853461,853718,Protein whose biological role is unknown; localizes to the nucleus in different large-scale studies,2234.300917,-0.222428146,0.067965556,-3.272659852,0.001065406,0.099793037,NA,NA,818466,34995,5.84E-07,954228,100510,3.60E-07
YJR007W,SUI2,chr10,451020,451934,GTP binding protein involved in formation of translation preinitiation complex; subunit of eukaryotic 48S preinitiation complex; localizes to cytoplasmic stress granule,10063.30104,-0.203569033,0.061858534,-3.290880316,0.000998744,0.09847265,NA,NA,439622,11398,8.55E-09,606453,154519,3.79E-09
YDR347W,MRP1,chr4,1169178,1170143,"Component of the small subunit of the mitochondrial ribosome, which mediates translation in the mitochondrion",831.6555014,0.218285862,0.066674999,3.273878722,0.001060821,0.099793037,NA,NA,1163959,5219,2.29E-07,1308631,138488,1.29E-19
YLL001W,DNM1,chr12,147890,150163,"GTPase involved in localization, organization, fission, and inheritance of mitochondria; also involved in macroautophagy, and peroxisome organization and fission; localizes to cytosol, peroxisome, and mitochondrial outer membrane",364.5200823,0.312517704,0.091364273,3.42056794,0.000624905,0.081599976,NA,NA,NA,NA,NA,150541,378,2.64E-08
YDR147W,EKI1,chr4,751631,753235,Ethanolamine kinase involved in the phosphatidylcholine and phosphatidylethanolamine biosynthesis; localizes to cytoplasm,502.7302511,0.338190017,0.080644144,4.193609096,2.75E-05,0.022627242,NA,NA,523790,227841,5.00E-08,757367,4132,3.97E-07
YHL020C,OPI1,chr8,66242,67456,Transcription corepressor and phosphatidic acid-binding protein; regulates transcription from RNA polymerase II promoters and negatively regulates phospholipid biosynthesis; involved in the endoplasmic reticulum unfolded protein response; localizes to the endoplasmic reticulum and to various components of the nucleus,595.3674138,0.344733281,0.087563162,3.936967007,8.25E-05,0.030916724,NA,NA,53882,12360,5.54E-07,92155,24699,9.54E-09
YBL035C,POL12,chr2,151493,153610,"Subunit of DNA polymerase alpha:primase complex involved in DNA replication initiation, lagging strand elongation, and telomere capping; localizes to nuclear envelope",165.2036128,0.345704489,0.103777466,3.331209569,0.000864695,0.093453551,NA,NA,9439,142054,1.08E-08,268913,115303,5.01E-07
YPL075W,GCR1,chr16,412254,415362,"Sequence-specific DNA binding RNA polymerase II transcription factor involved nucleosome organization, cellular response to glucose and the regulation of glycolysis, and the regulation of ribosomal protein gene expression; localizes to the nuclear envelope",478.1025419,0.356037223,0.096333561,3.695879397,0.000219127,0.045610875,NA,NA,252298,159956,2.86E-08,572049,156687,3.30E-09
YGR221C,TOS2,chr7,937124,938992,"Protein involved in anchoring Cdc24p to sites of polarized growth; negative regulator of cytokinesis; localizes to the incipient bud site, the bud tip, and the bud neck",229.1768425,0.370390639,0.093328797,3.968664032,7.23E-05,0.030872469,NA,NA,931627,5497,8.99E-14,987011,48019,1.01E-07
YLR103C,CDC45,chr12,343989,345941,Subunit of the CMG DNA helicase complex; involved in DNA replication initiation and double-strand break repair via break-induced replication,264.2583568,0.382419584,0.112005973,3.414278497,0.000639512,0.081599976,NA,NA,329759,14230,1.15E-10,375290,29349,1.42E-09
YGR109C,CLB6,chr7,705359,706501,"Cyclin-dependent kinase regulatory subunit involved in the regulation of the G1/S phase transition of the mitotic cell cycle; regulates mitotic and premeiotic DNA replication, as well as mitotic spindle assembly",648.1074791,0.407623198,0.098319683,4.145896182,3.38E-05,0.022627242,NA,NA,661677,43682,6.88E-09,877185,170684,3.22E-07
YOR231W,MKK1,chr15,772601,774127,"MAP kinase kinase involved in peroxisome degradation, protein phosphorylation, regulation of cell wall organization and signal transduction; localizes to cellular bud neck, bud tip, cytoplasm and shmoo tip",261.4365663,0.41388079,0.111170679,3.722931206,0.000196923,0.045150119,NA,NA,407924,364677,5.23E-08,1054799,280672,5.14E-08
YDL175C,AIR2,chr4,144484,145518,RNA binding protein-macromolecule adaptor involved in nuclear polyadenylation-dependent RNA catabolism; subunit of TRAMP complex,255.2234469,0.458926884,0.118084882,3.886415246,0.000101735,0.033632534,NA,NA,NA,NA,NA,319317,173799,2.31E-07
YHR011W,DIA4,chr8,127780,129120,Mitochondrial seryl-tRNA synthetase that performs seryl-tRNA aminoacylation in the mitochondria by coupling serine to seryl-tRNA,253.2581036,0.464109868,0.118800985,3.906616328,9.36E-05,0.032876155,NA,NA,92155,35625,9.54E-09,134240,5120,6.59E-07
YDR475C,JIP4,chr4,1407464,1410094,Protein whose biological role and cellular location are unknown,372.0610048,0.497885341,0.142466275,3.4947593,0.000474489,0.070174493,NA,NA,1357979,49485,1.25E-07,1523087,112993,2.12E-08
YIL064W,EFM4,chr9,242027,242716,S-adenosylmethionine-dependent lysine methyltransferase; catalyzes the dimethylation of translational elongation factor EF-1 alpha (Tef1p/Tef2p); role in vesicle-mediated transport; localizes to the cytoplasm,1331.780424,0.52064555,0.151193787,3.443564456,0.0005741,0.076820011,NA,NA,197202,44825,1.24E-07,290131,47415,8.33E-08
YOR313C,SPS4,chr15,901858,902874,Lipid droplet protein implicated in sporulation,71.27017044,0.700521753,0.18833994,3.719454056,0.000199654,0.045150119,NA,NA,407924,493934,5.23E-08,1054799,151925,5.14E-08
YHR124W,NDT80,chr8,356561,358444,Sequence-specific DNA binding transcription factor that activates transcription of middle sporulation genes by RNA polymerase II,41.22829328,0.747470622,0.228318345,3.273808861,0.001061084,0.099793037,NA,NA,201673,154888,5.19E-08,467079,108635,5.54E-07
YBR054W,YRO2,chr2,343101,344135,Protein whose biological role is unknown; localized to the mitochondrion and detected in the plasma membrane in the presence of acetic acid,204.1401598,0.757439002,0.203569916,3.720780638,0.000198608,0.045150119,NA,NA,324135,18966,5.45E-07,372350,28215,8.12E-17
YHL028W,WSC4,chr8,48763,50580,Protein transmembrane transporter of the endoplasmic reticulum membraneinvolved in heat response and protein targeting to ER,81.48298759,0.772283458,0.218530359,3.533987042,0.000409341,0.069096072,"49887, 49899","4.18031123044577E-07, 3.75E-08",NA,0,NA,NA,0,NA
,,,,,,,,,,,,,,,,,,,
threshold cutoff  is 6.927319e-07,,,,,,,,,,,,,,,,,,,
,,,,,,,,,,,,,,,,,,,
"Supplementary Table X: All differentially expressed genes (p<0.1, FDR correction). This table shows the location of each transcript within the genome, results data generated from the DEG analysis, and the relationship of each transcript to the closest gene variants identified in the genome-wide analysis. ( Large table saved as a .csv)",,,,,,,,,,,,,,,,,,,