"CHROM","POS","TYPE","pval","logp","Gene_Name","Annotation"
"chr1",1013,"SNP",7.58220345674137e-08,7.1202045661303,"YAL067W-A","upstream_gene_variant"
"chr1",1020,"SNP",1.47602584167211e-07,6.83090603899173,"YAL067W-A","upstream_gene_variant"
"chr1",1505,"SNP",4.64323139888744e-10,9.33317967240624,"YAL067W-A","upstream_gene_variant"
"chr1",1509,"SNP",6.16988751608948e-09,8.20972275356594,"YAL067W-A","upstream_gene_variant"
"chr1",1536,"SNP",3.5632048916586e-15,14.4481592040991,"YAL067W-A","upstream_gene_variant"
"chr1",176694,"SNP",7.95706471066989e-08,7.09924711003336,"KIN3","upstream_gene_variant"
"chr1",186359,"SNP",2.5512713680536e-08,7.59324334484759,"YAR029W","synonymous_variant"
"chr1",198185,"SNP",2.65753555164109e-09,8.57552091691632,"SWH1","downstream_gene_variant"
"chr1",198186,"SNP",4.43731169238289e-10,9.35288006383978,"SWH1","downstream_gene_variant"
"chr1",198190,"SNP",7.59368392433132e-11,10.1195474836744,"SWH1","downstream_gene_variant"
"chr1",198199,"SNP",3.44510756102589e-11,10.4627972142699,"SWH1","downstream_gene_variant"
"chr1",198204,"SNP",5.09048555019575e-11,10.2932407910005,"SWH1","downstream_gene_variant"
"chr2",9439,"SNP",1.08342684867306e-08,7.96520040625474,"YBL111C","upstream_gene_variant"
"chr2",268913,"SNP",5.01071547667326e-07,6.30010025708968,"MNN2","synonymous_variant"
"chr2",311608,"SNP",8.54378991448556e-08,7.06834943916634,"PDX3","upstream_gene_variant"
"chr2",324135,"SNP",5.4464956332002e-07,6.26388284023262,"CST26","upstream_gene_variant"
"chr2",415599,"SNP",2.2344529334496e-07,6.65082878889281,"RPL19A","upstream_gene_variant"
"chr2",643328,"SNP",2.70488296024258e-10,9.56785152198828,"DUR1%2C2","upstream_gene_variant"
"chr2",705963,"SNP",1.62347593601879e-08,7.78955414432268,"ALG7","synonymous_variant"
"chr3",4129,"SNP",2.98961588305418e-08,7.52438460785829,"YCL076W","downstream_gene_variant"
"chr3",4130,"SNP",2.19997920358211e-08,7.65758142454699,"YCL076W","downstream_gene_variant"
"chr3",4134,"SNP",4.8629106503478e-08,7.31310370995422,"YCL076W","downstream_gene_variant"
"chr3",4150,"SNP",3.97110431043797e-08,7.40108870501553,"YCL076W","downstream_gene_variant"
"chr3",4155,"SNP",2.41316216935362e-08,7.61741349164742,"YCL076W","downstream_gene_variant"
"chr3",4395,"SNP",1.28779576484997e-11,10.8901530074977,"YCL076W","downstream_gene_variant"
"chr3",268841,"SNP",6.91223712391396e-21,20.1603813718253,"FIG2","missense_variant"
"chr3",269914,"SNP",2.08791655511678e-08,7.68028686217192,"FIG2","synonymous_variant"
"chr3",269921,"SNP",1.99716541414211e-08,7.69958596343472,"FIG2","missense_variant"
"chr3",269952,"SNP",1.36754146356357e-08,7.86405949707946,"FIG2","missense_variant"
"chr3",270060,"SNP",2.30448491021378e-07,6.637426131294,"FIG2","missense_variant"
"chr3",305013,"SNP",3.96784728967322e-08,7.40144505086476,"YCR102C","missense_variant"
"chr3",315684,"SNP",4.59623289523545e-08,7.33759797333601,"RDS1","downstream_gene_variant"
"chr3",315693,"SNP",1.46075638449251e-14,13.8354222068532,"RDS1","downstream_gene_variant"
"chr3",315694,"SNP",1.22131905163791e-14,13.9131708681882,"RDS1","downstream_gene_variant"
"chr3",315700,"SNP",2.67319720919263e-17,16.5729690009498,"RDS1","downstream_gene_variant"
"chr3",315701,"SNP",1.04812858819962e-14,13.9795854332686,"RDS1","downstream_gene_variant"
"chr3",315727,"SNP",1.06110214088126e-17,16.9742428092315,"RDS1","downstream_gene_variant"
"chr3",315729,"SNP",2.25222597655487e-18,17.6473880368015,"RDS1","downstream_gene_variant"
"chr4",319317,"SNP",2.30989411730661e-07,6.63640792717426,"VAM6","synonymous_variant"
"chr4",356853,"SNP",3.73048812151738e-08,7.42823433853664,"PSA1","upstream_gene_variant"
"chr4",359402,"SNP",5.213953006838e-08,7.28283288742985,"PSA1","upstream_gene_variant"
"chr4",359411,"SNP",3.26500493425405e-09,8.48611615805883,"PSA1","upstream_gene_variant"
"chr4",435113,"SNP",1.16290828590938e-08,7.9344545350515,"YDL012C","upstream_gene_variant"
"chr4",435139,"SNP",3.68665541202626e-07,6.43336745356536,"YDL012C","upstream_gene_variant"
"chr4",520839,"SNP",2.97491265220673e-07,6.5265257812704,"YDR034C-D","upstream_gene_variant"
"chr4",520841,"SNP",1.4164931524402e-07,6.8487855205891,"YDR034C-D","upstream_gene_variant"
"chr4",523304,"SNP",5.95590123819106e-07,6.22505251240815,"EHD3","synonymous_variant"
"chr4",523309,"SNP",2.24151097616934e-07,6.6494591301517,"EHD3","missense_variant"
"chr4",523330,"SNP",6.19420623608633e-07,6.20801433890445,"EHD3","missense_variant"
"chr4",523334,"SNP",1.07501588891579e-07,6.96858511675539,"EHD3","synonymous_variant"
"chr4",523339,"SNP",6.32892089120229e-08,7.19867033278635,"EHD3","missense_variant"
"chr4",523348,"SNP",8.13063596980168e-09,8.0898754830193,"EHD3","missense_variant"
"chr4",523352,"SNP",5.88231340168117e-09,8.23045184059147,"EHD3","synonymous_variant"
"chr4",523360,"SNP",4.80290074208249e-11,10.3184963885039,"EHD3","missense_variant"
"chr4",523361,"SNP",4.83301767240383e-11,10.3157816168178,"EHD3","synonymous_variant"
"chr4",523363,"SNP",8.0969085120122e-12,11.0916807678441,"EHD3","missense_variant"
"chr4",523370,"SNP",4.11648042167435e-10,9.38547394578848,"EHD3","synonymous_variant"
"chr4",523783,"SNP",5.31378461493663e-07,6.27459605294423,"EHD3","missense_variant"
"chr4",523784,"SNP",4.4330573526001e-07,6.35329664998724,"EHD3","synonymous_variant"
"chr4",523790,"SNP",5.00048737814155e-08,7.30098766459958,"EHD3","synonymous_variant"
"chr4",757367,"SNP",3.96926894594427e-07,6.40128947358405,"NUM1","synonymous_variant"
"chr4",1163959,"SNP",2.29374368241273e-07,6.63945511456604,"HXT3","synonymous_variant"
"chr4",1308631,"SNP",1.2921506071449e-19,18.888686864019,"HKR1","missense_variant"
"chr4",1308639,"SNP",9.54125572271461e-17,16.0203944641264,"HKR1","missense_variant"
"chr4",1308641,"SNP",9.58414337865643e-18,17.0184466978665,"HKR1","missense_variant"
"chr4",1308678,"SNP",1.48747028651337e-19,18.8275517009152,"HKR1","synonymous_variant"
"chr4",1341564,"SNP",2.57897781813786e-07,6.58855239322529,"DOT1","upstream_gene_variant"
"chr4",1357979,"SNP",1.24867033150518e-07,6.90355220702737,"UTP6","synonymous_variant"
"chr4",1523087,"SNP",2.11810393524041e-08,7.67405273289997,"YDR541C","upstream_gene_variant"
"chr5",7063,"SNP",4.86615204960163e-07,6.31281432506585,"YEL077C","upstream_gene_variant"
"chr5",7069,"SNP",6.86411909357861e-07,6.16341519001434,"YEL077C","upstream_gene_variant"
"chr5",18945,"SNP",1.61763302547478e-18,17.7911199951389,"DSF1","upstream_gene_variant"
"chr5",18949,"SNP",6.65061061251706e-13,12.1771384789867,"DSF1","upstream_gene_variant"
"chr5",63748,"SNP",2.87696749296165e-07,6.54106504520287,"PAU2","synonymous_variant"
"chr5",63751,"SNP",3.67751599713163e-07,6.43444542942276,"PAU2","synonymous_variant"
"chr5",69209,"SNP",3.74034565210649e-08,7.42708826200644,"YEL045C","synonymous_variant"
"chr5",69229,"SNP",6.73270648894619e-09,8.17181031810439,"YEL045C","missense_variant"
"chr5",91322,"SNP",2.26626856669819e-07,6.64468862486818,"SPF1","synonymous_variant"
"chr5",91661,"SNP",1.36587418962158e-07,6.86458930158378,"SPF1","synonymous_variant"
"chr5",101819,"SNP",3.08290779173244e-07,6.51103946461525,"BUD16","upstream_gene_variant"
"chr5",102185,"SNP",1.17286309736766e-07,6.93075267801888,"SNU13","synonymous_variant"
"chr5",112269,"SNP",5.39060211995752e-08,7.26836272223996,"GEA2","synonymous_variant"
"chr5",134351,"SNP",8.36694787526813e-10,9.07743293659023,"GLC3","missense_variant"
"chr5",143858,"SNP",3.55246911129076e-08,7.44946968957341,"MIT1","missense_variant"
"chr5",150310,"SNP",1.53760252579289e-07,6.81315591626696,"IRC22","synonymous_variant"
"chr5",152206,"SNP",1.20383494320665e-08,7.91943305474642,"WBP1","upstream_gene_variant"
"chr5",152265,"SNP",1.14578037792908e-10,9.9408986195363,"WBP1","upstream_gene_variant"
"chr5",153129,"SNP",2.12756963197617e-09,8.6721162172419,"WBP1","upstream_gene_variant"
"chr5",153241,"SNP",2.05095915150224e-10,9.6880429892922,"WBP1","upstream_gene_variant"
"chr5",153284,"SNP",1.09585937995024e-10,9.96024517069632,"WBP1","upstream_gene_variant"
"chr5",153493,"SNP",2.45686270947087e-09,8.60961911140153,"WBP1","upstream_gene_variant"
"chr5",153551,"SNP",2.63259113889372e-11,10.5796165848401,"MNN1","missense_variant"
"chr5",153720,"SNP",3.06308640970961e-08,7.51384075156733,"MNN1","synonymous_variant"
"chr5",153840,"SNP",6.57890648960843e-09,8.18184628647645,"MNN1","synonymous_variant"
"chr5",153844,"SNP",9.28882545827431e-09,8.03203919765748,"MNN1","missense_variant"
"chr5",154269,"SNP",3.55625482834037e-07,6.44900712661722,"MNN1","synonymous_variant"
"chr5",154841,"SNP",1.22416014851814e-14,13.9121617626904,"MNN1","missense_variant"
"chr5",154907,"SNP",1.22584327175371e-10,9.91156505230014,"MNN1","missense_variant"
"chr5",154914,"SNP",4.46335399970924e-12,11.3503386668177,"MNN1","synonymous_variant"
"chr5",154958,"SNP",4.81316022190037e-12,11.3175696811589,"MNN1","missense_variant"
"chr5",155081,"SNP",1.57268671218484e-07,6.80335778260261,"MNN1","missense_variant"
"chr5",155252,"SNP",2.29343529065788e-07,6.63951350899032,"MNN1","missense_variant"
"chr5",155901,"SNP",4.95066990111018e-10,9.30533603042587,"IRC22","upstream_gene_variant"
"chr5",155958,"SNP",8.4123761340649e-09,8.07508131738171,"IRC22","upstream_gene_variant"
"chr5",156762,"SNP",2.66215629263867e-10,9.57476645110101,"NOP16","upstream_gene_variant"
"chr5",157279,"SNP",3.80013097184086e-10,9.42020143512857,"NOP16","synonymous_variant"
"chr5",157820,"SNP",1.60381518273624e-07,6.79484567953212,"PMI40","missense_variant"
"chr5",158931,"SNP",1.35215940740614e-08,7.86897210597137,"PMI40","synonymous_variant"
"chr5",159422,"SNP",4.556333181981e-09,8.34138452563659,"PMI40","upstream_gene_variant"
"chr5",159475,"SNP",3.34068962996441e-08,7.47616387104104,"PMI40","upstream_gene_variant"
"chr5",159556,"SNP",2.82982082619311e-09,8.54824106152837,"PMI40","upstream_gene_variant"
"chr5",159573,"SNP",4.98045384313022e-08,7.3027310804157,"PMI40","upstream_gene_variant"
"chr5",159574,"SNP",6.79528705620956e-08,7.16779219245693,"PMI40","upstream_gene_variant"
"chr5",160020,"SNP",3.31216256596695e-11,10.4798883555316,"FMP52","synonymous_variant"
"chr5",160038,"SNP",4.73240773544608e-12,11.3249178444275,"FMP52","synonymous_variant"
"chr5",160192,"SNP",2.59578644357343e-07,6.58573103998903,"FMP52","missense_variant"
"chr5",160729,"SNP",3.97127890637172e-09,8.40106961098581,"YND1","synonymous_variant"
"chr5",160912,"SNP",3.51040013852098e-13,12.454643376968,"YND1","synonymous_variant"
"chr5",162008,"SNP",1.31851978296454e-07,6.87991334970226,"YND1","missense_variant"
"chr5",163835,"SNP",2.36779900933147e-08,7.62565516548076,"NUG1","synonymous_variant"
"chr5",166670,"SNP",5.60693170054425e-09,8.25127473412041,"TMA20","synonymous_variant"
"chr5",168779,"SNP",2.54162539715762e-08,7.59488845847745,"SEC3","missense_variant"
"chr5",171887,"SNP",9.1993020639017e-09,8.0362451206212,"SNR14","upstream_gene_variant"
"chr5",172782,"SNP",1.14483878171358e-07,6.94125566715977,"YER010C","missense_variant"
"chr5",172783,"SNP",2.81551344318089e-07,6.55044239470005,"YER010C","missense_variant"
"chr5",173948,"SNP",7.86718340818642e-09,8.1041807249758,"SEC3","upstream_gene_variant"
"chr5",175411,"SNP",6.31004682088557e-08,7.19996741825558,"TIR1","missense_variant"
"chr5",318309,"SNP",5.29119670436622e-07,6.27644609293158,"ICP55","missense_variant"
"chr5",561678,"SNP",1.23989761544645e-09,8.90661417522683,"TOG1","upstream_gene_variant"
"chr5",561690,"SNP",4.55034952795602e-09,8.3419552424127,"TOG1","upstream_gene_variant"
"chr5",561692,"SNP",3.3581079720448e-09,8.4739053442583,"TOG1","upstream_gene_variant"
"chr5",566813,"SNP",6.70035687676086e-07,6.17390206513793,"YER186C","upstream_gene_variant"
"chr5",569619,"SNP",3.44935150361396e-08,7.4622625469195,"YER188C-A","missense_variant"
"chr6",19827,"SNP",5.05584171936873e-09,8.29620653074639,"AAD6","upstream_gene_variant"
"chr6",26594,"SNP",5.58264340943549e-07,6.25316011176275,"YFL054C","upstream_gene_variant"
"chr6",205105,"SNP",3.61435542723541e-08,7.44196914217434,"LSB3","upstream_gene_variant"
"chr6",205431,"SNP",1.48364433578012e-08,7.82867019711684,"LSB3","upstream_gene_variant"
"chr7",7460,"SNP",8.83566559811837e-08,7.05376072915643,"PAU11","upstream_gene_variant"
"chr7",7485,"SNP",3.75997331375347e-07,6.42481523744754,"PAU11","upstream_gene_variant"
"chr7",8442,"SNP",2.37460353541935e-07,6.62440888993497,"PAU11","upstream_gene_variant"
"chr7",8467,"SNP",1.39576297154052e-08,7.85518832733761,"PAU11","upstream_gene_variant"
"chr7",8471,"SNP",1.74493077889111e-08,7.75822179675173,"YPS5","start_lost"
"chr7",8477,"SNP",1.01648615517298e-07,6.99289853219852,"YPS5","missense_variant"
"chr7",144469,"SNP",9.22375000966039e-08,7.03509247619214,"YGL194C-A","upstream_gene_variant"
"chr7",158428,"SNP",1.19737309914609e-08,7.92177050318352,"GTS1","missense_variant"
"chr7",158434,"SNP",1.13691264595247e-08,7.94427290280411,"GTS1","missense_variant"
"chr7",530019,"SNP",6.05960461635072e-07,6.2175557122263,"MTL1","synonymous_variant"
"chr7",660617,"SNP",1.41517190304003e-07,6.84919080253743,"tT(UGU)G1","upstream_gene_variant"
"chr7",661528,"SNP",2.48453424655533e-09,8.60475501260833,"tT(UGU)G1","upstream_gene_variant"
"chr7",661571,"SNP",2.9926360984205e-12,11.5239460897272,"tT(UGU)G1","upstream_gene_variant"
"chr7",661628,"SNP",5.68743842321568e-08,7.24508329233086,"tT(UGU)G1","upstream_gene_variant"
"chr7",661642,"SNP",3.04227084325868e-07,6.51680212476802,"tT(UGU)G1","upstream_gene_variant"
"chr7",661677,"SNP",6.87889132679298e-09,8.16248155151085,"tT(UGU)G1","upstream_gene_variant"
"chr7",881676,"SNP",1.10427782516031e-08,7.95692164874937,"HIP1","synonymous_variant"
"chr7",881678,"SNP",2.38731043673216e-08,7.62209110332522,"HIP1","missense_variant"
"chr7",882402,"SNP",1.53196002366756e-08,7.81475256742346,"CRH1","upstream_gene_variant"
"chr7",882416,"SNP",1.77381212228565e-07,6.75109238144656,"CRH1","upstream_gene_variant"
"chr7",883496,"SNP",3.7511724246688e-13,12.4258329728098,"TDH3","synonymous_variant"
"chr7",883502,"SNP",1.15164742059124e-11,10.9386804607815,"TDH3","synonymous_variant"
"chr7",931627,"SNP",8.9912733250481e-14,13.0461788000484,"tG(GCC)G2","upstream_gene_variant"
"chr7",987011,"SNP",1.00536310393071e-07,6.99767705709613,"SDA1","upstream_gene_variant"
"chr7",987084,"SNP",1.26632699359176e-09,8.89745413541212,"BRF1","upstream_gene_variant"
"chr7",1068831,"SNP",4.283442489381e-07,6.36820705967527,"IMA1","missense_variant"
"chr7",1068856,"SNP",3.03870903933949e-09,8.51731088223622,"IMA1","synonymous_variant"
"chr7",1068865,"SNP",1.92744792348582e-10,9.71501734705043,"IMA1","missense_variant"
"chr7",1068869,"SNP",1.72383018655678e-10,9.76350551848446,"IMA1","synonymous_variant"
"chr7",1068872,"SNP",3.56631816145006e-10,9.44777991477861,"IMA1","synonymous_variant"
"chr7",1068878,"SNP",4.83646851293498e-12,11.3154716352871,"IMA1","synonymous_variant"
"chr7",1068994,"SNP",1.02989730953848e-07,6.98720607638621,"BIO2","upstream_gene_variant"
"chr8",5803,"SNP",1.38089692210146e-09,8.85983873838973,"YHL050C","upstream_gene_variant"
"chr8",5817,"SNP",9.48888865271556e-11,10.0227846495597,"YHL050C","upstream_gene_variant"
"chr8",49887,"SNP",4.18031123044577e-07,6.3787913831452,"WSC4","synonymous_variant"
"chr8",49899,"SNP",3.74568075904624e-08,7.42646923990598,"WSC4","synonymous_variant"
"chr8",51378,"SNP",5.65625471502264e-08,7.24747104142509,"RIM101","missense_variant"
"chr8",51686,"SNP",1.45280697831168e-07,6.83779208275817,"RIM101","synonymous_variant"
"chr8",51891,"SNP",4.52576276619142e-07,6.3443082148608,"RIM101","missense_variant"
"chr8",52419,"SNP",4.63778540227007e-09,8.33368935073169,"RIM101","missense_variant"
"chr8",52712,"SNP",4.38911761407909e-08,7.35762278131927,"RIM101","synonymous_variant"
"chr8",53413,"SNP",1.7706301184682e-09,8.7518721526922,"YHL026C","missense_variant"
"chr8",53879,"SNP",3.1483271548672e-07,6.50192014474653,"YHL026C","synonymous_variant"
"chr8",53882,"SNP",5.53536078218345e-07,6.25685406753953,"YHL026C","synonymous_variant"
"chr8",92155,"SNP",9.54033676504371e-09,8.02043629483272,"YHL009W-B","downstream_gene_variant"
"chr8",134240,"SNP",6.59079482845846e-07,6.18106220774311,"ARD1","upstream_gene_variant"
"chr8",167568,"SNP",6.35325041322378e-08,7.19700402662003,"YHR028W-A","missense_variant"
"chr8",167570,"SNP",3.14451896595206e-08,7.50244578150993,"YHR028W-A","synonymous_variant"
"chr8",201673,"SNP",5.19395948008613e-08,7.28450144277827,"INM1","upstream_gene_variant"
"chr8",525353,"SNP",1.80984202514047e-07,6.74235933154184,"YHR210C","upstream_gene_variant"
"chr8",555989,"SNP",6.2244591719251e-12,11.2058983773812,"YHR214C-E","upstream_gene_variant"
"chr9",37768,"SNP",1.3804179836763e-08,7.85998939148392,"SUC2","synonymous_variant"
"chr9",37774,"SNP",3.88894478613107e-08,7.41016822276893,"SUC2","synonymous_variant"
"chr9",146991,"SNP",2.77065658467858e-16,15.5574173004977,"NUP159","synonymous_variant"
"chr9",197197,"SNP",1.54800074467968e-07,6.81022883473181,"UTP25","upstream_gene_variant"
"chr9",197202,"SNP",1.2408781238742e-07,6.90627087178746,"UTP25","upstream_gene_variant"
"chr9",290131,"SNP",8.33491402382162e-08,7.07909887564071,"CKA1","upstream_gene_variant"
"chr9",393186,"SNP",4.68179264019122e-15,14.3295878254141,"FLO11","missense_variant"
"chr9",430845,"SNP",5.14028150773282e-21,20.2890130961979,"YPS6","missense_variant"
"chr9",430854,"SNP",7.45041572108159e-22,21.1278194936497,"YPS6","missense_variant"
"chr9",430864,"SNP",6.33215046585367e-19,18.1984487738928,"YPS6","synonymous_variant"
"chr9",430870,"SNP",1.19520069829479e-16,15.9225591617925,"YPS6","synonymous_variant"
"chr9",432376,"SNP",9.1033371783281e-11,10.0407993711461,"YPS6","upstream_gene_variant"
"chr9",432379,"SNP",1.17130309954347e-09,8.93133070746724,"YPS6","upstream_gene_variant"
"chr9",438927,"SNP",5.89269579150559e-08,7.22968597863684,"YIR042C","upstream_gene_variant"
"chr9",438941,"SNP",3.04687210368766e-16,15.5161457754552,"YIR042C","upstream_gene_variant"
"chr10",24779,"SNP",3.1369248685831e-07,6.50349588281661,"IMA5","synonymous_variant"
"chr10",24782,"SNP",4.26944565105012e-07,6.36962851052977,"IMA5","synonymous_variant"
"chr10",24789,"SNP",2.91994934373869e-07,6.53462468277267,"IMA5","missense_variant"
"chr10",24794,"SNP",8.24870491568566e-08,7.0836142323134,"IMA5","synonymous_variant"
"chr10",24803,"SNP",6.63452389545998e-10,9.17819023738032,"IMA5","synonymous_variant"
"chr10",24807,"SNP",7.79519943138269e-08,7.10817276939867,"IMA5","missense_variant"
"chr10",24821,"SNP",9.0565667573029e-29,28.0430364072835,"IMA5","synonymous_variant"
"chr10",25304,"SNP",1.64872612965127e-07,6.78285147913976,"IMA5","synonymous_variant"
"chr10",25306,"SNP",8.22384359429927e-08,7.08492515792792,"IMA5","missense_variant"
"chr10",25310,"SNP",3.13573145864571e-07,6.50366113700229,"IMA5","synonymous_variant"
"chr10",25313,"SNP",5.15926524246916e-07,6.28741214408258,"IMA5","synonymous_variant"
"chr10",25319,"SNP",3.64988350901349e-07,6.43772099642023,"IMA5","synonymous_variant"
"chr10",25322,"SNP",7.5998283021176e-08,7.11919621933568,"IMA5","missense_variant"
"chr10",25374,"SNP",8.1661420639175e-12,11.0879830690568,"IMA5","missense_variant"
"chr10",25382,"SNP",1.1599672984011e-08,7.93555425415596,"IMA5","missense_variant"
"chr10",25384,"SNP",8.43149551198108e-09,8.07409538682287,"IMA5","missense_variant"
"chr10",25385,"SNP",4.37401985374343e-09,8.35911925002457,"IMA5","synonymous_variant"
"chr10",25394,"SNP",1.72804083769181e-08,7.76244599833014,"IMA5","synonymous_variant"
"chr10",25397,"SNP",7.98039613927487e-10,9.09797555014913,"IMA5","synonymous_variant"
"chr10",25400,"SNP",2.97197072664629e-09,8.52695547260951,"IMA5","synonymous_variant"
"chr10",25406,"SNP",3.54222188574392e-07,6.4507242379692,"IMA5","synonymous_variant"
"chr10",25426,"SNP",2.02081612946626e-07,6.69447320038423,"IMA5","synonymous_variant"
"chr10",25430,"SNP",3.63413957939115e-08,7.43959839640189,"IMA5","synonymous_variant"
"chr10",25433,"SNP",8.04411501871396e-08,7.09452172827474,"IMA5","synonymous_variant"
"chr10",25436,"SNP",1.92616842063379e-07,6.71530574163827,"IMA5","synonymous_variant"
"chr10",30251,"SNP",1.15270287773588e-08,7.93828262261762,"IMA5","upstream_gene_variant"
"chr10",45217,"SNP",2.84284023289123e-07,6.54624754689536,"LAA1","synonymous_variant"
"chr10",45970,"SNP",1.33322434412116e-07,6.87509676490278,"LAA1","synonymous_variant"
"chr10",50022,"SNP",1.87935292525518e-09,8.72599165571732,"LAA1","upstream_gene_variant"
"chr10",50478,"SNP",6.62715152980587e-09,8.17867309915295,"LAA1","upstream_gene_variant"
"chr10",57860,"SNP",1.1777808589298e-07,6.9289355080302,"ACO2","synonymous_variant"
"chr10",58706,"SNP",1.52591368750971e-07,6.81647003132111,"ACO2","synonymous_variant"
"chr10",59035,"SNP",1.01255228586505e-09,8.99458254156872,"YJL202C","upstream_gene_variant"
"chr10",59573,"SNP",2.64163382207776e-07,6.57812738356958,"ACO2","upstream_gene_variant"
"chr10",59641,"SNP",1.18380702911494e-07,6.92671908563738,"ACO2","upstream_gene_variant"
"chr10",60842,"SNP",1.10179800867986e-09,8.95789801687841,"ACO2","upstream_gene_variant"
"chr10",61827,"SNP",1.07286422297568e-07,6.96945523697495,"PHO90","synonymous_variant"
"chr10",61833,"SNP",1.08074148057046e-07,6.96627817930189,"PHO90","synonymous_variant"
"chr10",62076,"SNP",1.88955848593198e-07,6.7236396611831,"PHO90","synonymous_variant"
"chr10",62868,"SNP",6.12491669827964e-08,7.21289981353053,"PHO90","synonymous_variant"
"chr10",64389,"SNP",4.83743548168527e-07,6.31538481424899,"UBP12","synonymous_variant"
"chr10",64951,"SNP",6.03335520542529e-07,6.21944110544524,"UBP12","missense_variant"
"chr10",65514,"SNP",1.16295398705704e-07,6.93443746804244,"UBP12","synonymous_variant"
"chr10",65971,"SNP",7.33197876698285e-08,7.13477880140152,"UBP12","missense_variant"
"chr10",68261,"SNP",8.12905151491969e-11,10.0899601242542,"ELO1","synonymous_variant"
"chr10",68438,"SNP",1.78496494575881e-10,9.74837030841061,"ELO1","synonymous_variant"
"chr10",68659,"SNP",5.12535530971255e-08,7.29027602223343,"ELO1","missense_variant"
"chr10",69094,"SNP",2.67595590871549e-07,6.57252104664387,"YJL197C-A","upstream_gene_variant"
"chr10",72705,"SNP",1.42899285963383e-10,9.84496994127857,"ELO1","upstream_gene_variant"
"chr10",73580,"SNP",3.3999159271808e-07,6.46853182202036,"ELO1","upstream_gene_variant"
"chr10",73732,"SNP",6.75192191590167e-07,6.17057258884821,"ELO1","upstream_gene_variant"
"chr10",74423,"SNP",3.36922247272756e-09,8.47247031122488,"RPS14B","missense_variant"
"chr10",76677,"SNP",1.96266130289933e-08,7.70715464027426,"SOP4","upstream_gene_variant"
"chr10",79092,"SNP",3.12722639725216e-09,8.50484067663421,"SWE1","synonymous_variant"
"chr10",79138,"SNP",1.26965151658243e-08,7.89631546423559,"SWE1","missense_variant"
"chr10",79551,"SNP",5.85957512169634e-12,11.2321338735711,"RPS22A","upstream_gene_variant"
"chr10",79611,"SNP",6.76098085701029e-10,9.16999029372023,"RPS22A","upstream_gene_variant"
"chr10",79717,"SNP",4.65891127942465e-07,6.33171555982934,"RPS22A","upstream_gene_variant"
"chr10",80094,"SNP",6.29634876971538e-09,8.20091122337967,"RPS22A","upstream_gene_variant"
"chr10",80196,"SNP",6.00925138219997e-09,8.221179627969,"MNN5","synonymous_variant"
"chr10",80203,"SNP",8.44096865415442e-09,8.07360771249575,"MNN5","missense_variant"
"chr10",80279,"SNP",4.58500960127837e-09,8.33865975055495,"MNN5","missense_variant"
"chr10",80313,"SNP",5.2255092797408e-13,12.2818713766805,"MNN5","missense_variant"
"chr10",80319,"SNP",1.57775930244032e-10,9.80195925055323,"MNN5","synonymous_variant"
"chr10",80359,"SNP",1.70227705542047e-16,15.768969754564,"MNN5","missense_variant"
"chr10",80366,"SNP",3.44209294416442e-16,15.4631774069333,"MNN5","missense_variant"
"chr10",80376,"SNP",5.86844133192427e-17,16.2314772327953,"MNN5","synonymous_variant"
"chr10",80604,"SNP",8.68217688622847e-15,14.0613713703137,"MNN5","synonymous_variant"
"chr10",80649,"SNP",3.30993727831791e-15,14.480180235813,"MNN5","synonymous_variant"
"chr10",80670,"SNP",1.74249430344506e-12,11.7588286330213,"MNN5","synonymous_variant"
"chr10",80673,"SNP",2.6154570002778e-14,13.5824524156463,"MNN5","missense_variant"
"chr10",80742,"SNP",4.30042214280895e-10,9.36648891063114,"MNN5","synonymous_variant"
"chr10",80935,"SNP",1.46778152161116e-11,10.8333385840794,"MNN5","missense_variant"
"chr10",81028,"SNP",2.94470846471163e-12,11.5309576952519,"MNN5","missense_variant"
"chr10",81358,"SNP",3.52846937870419e-18,17.4524136471735,"MNN5","missense_variant"
"chr10",81409,"SNP",5.49963696688185e-08,7.25966597750277,"MNN5","missense_variant"
"chr10",81974,"SNP",2.51065296381943e-09,8.60021331369654,"SWE1","upstream_gene_variant"
"chr10",81975,"SNP",1.45564313398318e-09,8.83694508377189,"SWE1","upstream_gene_variant"
"chr10",82055,"SNP",2.42896358540073e-07,6.61457899601334,"SWE1","upstream_gene_variant"
"chr10",82785,"SNP",1.12678642069074e-08,7.94815839549405,"ATG36","synonymous_variant"
"chr10",82997,"SNP",2.01358885542953e-08,7.69602920113413,"SWE1","upstream_gene_variant"
"chr10",83057,"SNP",8.38975223554804e-08,7.07625086447799,"SWE1","upstream_gene_variant"
"chr10",83207,"SNP",3.08061622565745e-13,12.5113624014755,"SWE1","upstream_gene_variant"
"chr10",83446,"SNP",1.76953663615464e-08,7.75214044138188,"SWE1","upstream_gene_variant"
"chr10",83877,"SNP",1.98489220350813e-08,7.70226307413653,"SWE1","upstream_gene_variant"
"chr10",83895,"SNP",4.63926719362997e-08,7.33355061403493,"SWE1","upstream_gene_variant"
"chr10",83981,"SNP",1.68641256818739e-09,8.77303616982494,"SWE1","upstream_gene_variant"
"chr10",84062,"SNP",1.97281364166447e-08,7.70491393766688,"SWE1","upstream_gene_variant"
"chr10",84373,"SNP",1.97158617868195e-07,6.70518423502087,"MNN11","synonymous_variant"
"chr10",84848,"SNP",3.02743068798124e-07,6.51892579109882,"MNN11","missense_variant"
"chr10",85363,"SNP",7.26703134062557e-12,11.1386429668149,"ATG36","upstream_gene_variant"
"chr10",85430,"SNP",2.02727745080741e-10,9.69308681020741,"ATG36","upstream_gene_variant"
"chr10",85483,"SNP",1.25975397573853e-07,6.89971426235217,"YJL182C","missense_variant"
"chr10",85501,"SNP",2.33485466967226e-08,7.63174014641421,"YJL182C","synonymous_variant"
"chr10",85615,"SNP",7.77735371844059e-11,10.1091681486373,"YJL182C","missense_variant"
"chr10",85628,"SNP",4.09314768617423e-08,7.38794258515356,"YJL182C","missense_variant"
"chr10",85714,"SNP",6.92089922094381e-10,9.15983747471628,"YJL182C","stop_gained"
"chr10",86001,"SNP",2.62795187050607e-07,6.58038259290413,"YJL181W","synonymous_variant"
"chr10",86831,"SNP",3.03612457206841e-08,7.51768041332596,"YJL181W","missense_variant"
"chr10",86832,"SNP",2.89755502818164e-08,7.53796830749251,"YJL181W","synonymous_variant"
"chr10",87022,"SNP",8.83528067693617e-08,7.05377964938208,"YJL181W","missense_variant"
"chr10",87390,"SNP",3.99995619744818e-11,10.3979447644997,"YJL181W","synonymous_variant"
"chr10",87652,"SNP",4.97371981557593e-08,7.30331868347633,"ATP12","synonymous_variant"
"chr10",87664,"SNP",3.78970351574096e-10,9.42139476536552,"ATP12","synonymous_variant"
"chr10",87688,"SNP",9.12755082090283e-10,9.03964574028169,"ATP12","synonymous_variant"
"chr10",87976,"SNP",3.63697881933464e-07,6.43925922813772,"ATP12","synonymous_variant"
"chr10",88033,"SNP",4.35012478998746e-08,7.36149828446476,"ATP12","synonymous_variant"
"chr10",92630,"SNP",2.46731475677689e-07,6.6077754437767,"SWI3","missense_variant"
"chr10",92800,"SNP",4.09629579610128e-10,9.38760869022162,"SWI3","synonymous_variant"
"chr10",93181,"SNP",3.75231171519765e-09,8.42570109071753,"SWI3","synonymous_variant"
"chr10",93850,"SNP",2.46897657992841e-07,6.60748302965337,"SWI3","synonymous_variant"
"chr10",94494,"SNP",1.30288339040188e-16,15.8850944524158,"SWI3","missense_variant"
"chr10",95022,"SNP",1.93010204859371e-10,9.71441972831373,"ATG27","upstream_gene_variant"
"chr10",96041,"SNP",2.21804708882476e-09,8.6540292380788,"SWI3","upstream_gene_variant"
"chr10",96323,"SNP",4.5921007729194e-12,11.3379885899823,"RFA3","synonymous_variant"
"chr10",96365,"SNP",6.62023497996372e-12,11.1791265953503,"RFA3","synonymous_variant"
"chr10",96379,"SNP",5.53098453914646e-12,11.2571975555198,"RFA3","missense_variant"
"chr10",96432,"SNP",3.45401528990193e-10,9.46167574427136,"RFA3","missense_variant"
"chr10",96738,"SNP",5.63566171294868e-13,12.2490550838042,"SWI3","upstream_gene_variant"
"chr10",96767,"SNP",1.41448862515765e-14,13.8494005406433,"SWI3","upstream_gene_variant"
"chr10",96768,"SNP",6.36776833105668e-11,10.1960127452663,"SWI3","upstream_gene_variant"
"chr10",96780,"SNP",2.39366196163459e-14,13.62093718165,"SWI3","upstream_gene_variant"
"chr10",96890,"SNP",1.46387287758158e-08,7.83449663568332,"SWI3","upstream_gene_variant"
"chr10",96902,"SNP",8.16326135792103e-10,9.08813629874916,"SWI3","upstream_gene_variant"
"chr10",96918,"SNP",7.00813489167525e-09,8.15439754751543,"SWI3","upstream_gene_variant"
"chr10",96949,"SNP",2.29145448185522e-10,9.63988876529043,"SWI3","upstream_gene_variant"
"chr10",97901,"SNP",5.70102192100724e-07,6.24404728908635,"CPS1","synonymous_variant"
"chr10",104669,"SNP",5.61642087155768e-09,8.25054035541058,"YJL171C","upstream_gene_variant"
"chr10",111784,"SNP",3.18392478841443e-08,7.49703719984215,"YJL163C","missense_variant"
"chr10",111801,"SNP",8.57973038324773e-10,9.06652635957641,"YJL163C","synonymous_variant"
"chr10",141883,"SNP",1.90416409289683e-07,6.72029562865696,"YJL147C","missense_variant"
"chr10",148026,"SNP",3.5171470276568e-08,7.45380947644695,"YAK1","missense_variant"
"chr10",150379,"SNP",4.4585081179177e-10,9.35081043827105,"YAK1","synonymous_variant"
"chr10",157821,"SNP",3.54502513006114e-07,6.45038068183262,"YUR1","upstream_gene_variant"
"chr10",157921,"SNP",1.62272006157885e-07,6.78975639465165,"YJL135W","synonymous_variant"
"chr10",367200,"SNP",3.94704484366967e-07,6.40372793941456,"NSP1","missense_variant"
"chr10",367212,"SNP",4.42307953875079e-07,6.35427525078867,"NSP1","missense_variant"
"chr10",400207,"SNP",1.55051912284367e-13,12.8095228731582,"BBC1","missense_variant"
"chr10",606777,"SNP",1.97228800231555e-08,7.70502966714138,"FIP1","upstream_gene_variant"
"chr10",631978,"SNP",7.28372614405857e-09,8.13764639131754,"CPA2","synonymous_variant"
"chr10",631982,"SNP",3.18137840327451e-07,6.49738467145215,"CPA2","synonymous_variant"
"chr10",714764,"SNP",6.29741079641622e-07,6.20083797562002,"DAN4","missense_variant"
"chr10",745518,"SNP",5.43632993197448e-08,7.26469419371884,"COS5","upstream_gene_variant"
"chr11",3391,"SNP",2.15622786066996e-08,7.66630534673082,"PAU16","upstream_gene_variant"
"chr11",23463,"SNP",1.3318133467898e-10,9.87555663713223,"JEN1","synonymous_variant"
"chr11",24924,"SNP",7.11012347710228e-08,7.14812285708198,"URA1","upstream_gene_variant"
"chr11",32212,"SNP",1.62792556669981e-07,6.78836545614863,"DOA1","synonymous_variant"
"chr11",32862,"SNP",3.78344178674229e-07,6.42211294384022,"DOA1","missense_variant"
"chr11",34686,"SNP",5.05872521010937e-07,6.2959589108216,"SAC1","synonymous_variant"
"chr11",36393,"SNP",6.63930694675609e-07,6.17787725269652,"SAC1","synonymous_variant"
"chr11",36900,"SNP",4.35018786443792e-08,7.36149198747594,"TRP3","synonymous_variant"
"chr11",37956,"SNP",2.56546938097192e-11,10.5908331643079,"TRP3","synonymous_variant"
"chr11",37995,"SNP",4.25397680695932e-11,10.371204882237,"TRP3","synonymous_variant"
"chr11",37998,"SNP",4.74981709217472e-11,10.3233231140359,"TRP3","synonymous_variant"
"chr11",38007,"SNP",7.98041946835605e-11,10.0979742805785,"TRP3","synonymous_variant"
"chr11",38034,"SNP",2.78555014723033e-13,12.555089018691,"TRP3","synonymous_variant"
"chr11",39899,"SNP",5.15067680115633e-11,10.2881357007267,"UBA1","missense_variant"
"chr11",40080,"SNP",5.17025048479169e-09,8.28648841599162,"UBA1","synonymous_variant"
"chr11",40092,"SNP",4.04406805517e-08,7.39318154454095,"UBA1","synonymous_variant"
"chr11",40103,"SNP",2.38176373025481e-08,7.62310132250726,"UBA1","missense_variant"
"chr11",40164,"SNP",9.42853455486104e-09,8.02555580293545,"UBA1","synonymous_variant"
"chr11",40860,"SNP",2.47634715271379e-09,8.6061884727619,"UBA1","synonymous_variant"
"chr11",40941,"SNP",2.49179276698798e-10,9.60348807914608,"UBA1","synonymous_variant"
"chr11",40977,"SNP",1.49537078482597e-14,13.8252511084511,"UBA1","synonymous_variant"
"chr11",40989,"SNP",1.24468648694441e-14,13.9049400253845,"UBA1","synonymous_variant"
"chr11",40998,"SNP",3.22833655717857e-13,12.491021195974,"UBA1","synonymous_variant"
"chr11",45375,"SNP",1.96081437554455e-07,6.70756351775109,"STE6","synonymous_variant"
"chr11",46101,"SNP",1.19133985778073e-07,6.92396432810257,"STE6","synonymous_variant"
"chr11",46134,"SNP",6.39038549048832e-07,6.1944729428835,"STE6","synonymous_variant"
"chr11",46148,"SNP",4.74017020413636e-07,6.32420606393982,"STE6","missense_variant"
"chr11",46444,"SNP",4.39125459613757e-10,9.3574113826423,"STE6","upstream_gene_variant"
"chr11",46587,"SNP",4.50111352295517e-07,6.34668003354647,"STE6","upstream_gene_variant"
"chr11",46608,"SNP",9.2653072415158e-09,8.03314017471718,"STE6","upstream_gene_variant"
"chr11",46843,"SNP",4.13100000035384e-13,12.3839448049862,"STE6","upstream_gene_variant"
"chr11",46848,"SNP",1.05303170955784e-10,9.97755855086708,"STE6","upstream_gene_variant"
"chr11",46850,"SNP",4.89689544726199e-10,9.31007916842653,"STE6","upstream_gene_variant"
"chr11",46912,"SNP",4.43268039423355e-07,6.35333358113573,"STE6","upstream_gene_variant"
"chr11",47705,"SNP",6.66863022016166e-09,8.17596336382227,"CBT1","synonymous_variant"
"chr11",47837,"SNP",6.79496401312953e-08,7.16781283899634,"CBT1","synonymous_variant"
"chr11",48319,"SNP",1.36297075915759e-10,9.86551346131333,"EMC3","synonymous_variant"
"chr11",48477,"SNP",7.88724076221609e-11,10.1030749019018,"EMC3","missense_variant"
"chr11",48522,"SNP",5.03245641522609e-11,10.2982199777327,"EMC3","missense_variant"
"chr11",48790,"SNP",2.54674858146177e-07,6.59401392707145,"EMC3","synonymous_variant"
"chr11",55092,"SNP",4.62935373500476e-11,10.334479632937,"EAP1","synonymous_variant"
"chr11",57746,"SNP",6.24764417571813e-14,13.2042837129532,"TOR2","missense_variant"
"chr11",57793,"SNP",5.85740964103458e-12,11.2322944022961,"TOR2","missense_variant"
"chr11",57957,"SNP",9.4427383000318e-17,16.0249020463646,"TOR2","synonymous_variant"
"chr11",58110,"SNP",9.66348917289703e-14,13.0148660355996,"TOR2","synonymous_variant"
"chr11",58239,"SNP",4.32300487264213e-11,10.3642142749543,"TOR2","synonymous_variant"
"chr11",58428,"SNP",5.34900523870982e-13,12.2717269767654,"TOR2","synonymous_variant"
"chr11",58464,"SNP",1.53345629822228e-10,9.81432859640882,"TOR2","synonymous_variant"
"chr11",59253,"SNP",2.18201390609635e-17,16.6611424859559,"TOR2","missense_variant"
"chr11",62225,"SNP",1.35149073564545e-12,11.869186927007,"TOR2","missense_variant"
"chr11",62229,"SNP",2.11474548218354e-15,14.6747418941682,"TOR2","synonymous_variant"
"chr11",62995,"SNP",1.11881284186723e-07,6.95124255738804,"TOR2","missense_variant"
"chr11",63984,"SNP",2.8436007571748e-07,6.54613137880278,"YKL202W","missense_variant"
"chr11",64037,"SNP",7.89024404000779e-12,11.102909564143,"YKL202W","missense_variant"
"chr11",64092,"SNP",3.80976994153431e-16,15.4191012490327,"YKL202W","missense_variant"
"chr11",64094,"SNP",8.31430763419237e-16,15.0801739103854,"YKL202W","missense_variant"
"chr11",64101,"SNP",1.66973656992204e-15,14.7773520409803,"YKL202W","missense_variant"
"chr11",65282,"SNP",3.0787655880885e-12,11.5116233762722,"MNN4","missense_variant"
"chr11",66027,"SNP",1.17315084092086e-15,14.9306461437516,"MNN4","synonymous_variant"
"chr11",66233,"SNP",3.00450137526584e-13,12.5222275928589,"MNN4","missense_variant"
"chr11",66285,"SNP",7.57806064249501e-11,10.1204419236591,"MNN4","synonymous_variant"
"chr11",66342,"SNP",3.35522269214061e-09,8.47427864963561,"MNN4","synonymous_variant"
"chr11",66546,"SNP",8.7618323378226e-13,12.0574050615271,"MNN4","synonymous_variant"
"chr11",66663,"SNP",6.03903601679116e-11,10.2190323802531,"MNN4","synonymous_variant"
"chr11",66681,"SNP",2.351814602797e-11,10.628596917356,"MNN4","synonymous_variant"
"chr11",66804,"SNP",8.88688260539772e-08,7.05125055676936,"MNN4","synonymous_variant"
"chr11",66860,"SNP",1.75430613339911e-10,9.75589461824196,"MNN4","synonymous_variant"
"chr11",66882,"SNP",5.58582329098103e-10,9.25291280744019,"MNN4","synonymous_variant"
"chr11",67002,"SNP",5.66166460594151e-16,15.2470558615875,"MNN4","synonymous_variant"
"chr11",67187,"SNP",3.42577064320814e-09,8.46524171659626,"MNN4","synonymous_variant"
"chr11",67304,"SNP",6.49064879684371e-15,14.1877118895161,"MNN4","missense_variant"
"chr11",67386,"SNP",2.43889602794365e-18,17.6128067136071,"MNN4","synonymous_variant"
"chr11",67440,"SNP",8.1273559760713e-12,11.0900507178456,"MNN4","synonymous_variant"
"chr11",67619,"SNP",4.49609754485165e-14,13.3471642751233,"TOR2","upstream_gene_variant"
"chr11",67635,"SNP",2.41121767354838e-12,11.6177635817612,"TOR2","upstream_gene_variant"
"chr11",67641,"SNP",2.87531746356021e-12,11.5413141979097,"TOR2","upstream_gene_variant"
"chr11",67672,"SNP",1.50799330238432e-11,10.8216005873416,"TOR2","upstream_gene_variant"
"chr11",67691,"SNP",4.6619642622449e-10,9.33143106002379,"TOR2","upstream_gene_variant"
"chr11",67802,"SNP",2.5542186580115e-07,6.59274192700094,"TOR2","upstream_gene_variant"
"chr11",67816,"SNP",1.23612957783756e-08,7.90793600174704,"TOR2","upstream_gene_variant"
"chr11",67884,"SNP",3.85605442739767e-07,6.41385684475063,"TOR2","upstream_gene_variant"
"chr11",67934,"SNP",7.92446093917392e-11,10.1010302709531,"TOR2","upstream_gene_variant"
"chr11",67955,"SNP",4.84028545389215e-12,11.3151290252575,"TOR2","upstream_gene_variant"
"chr11",67997,"SNP",1.45818829694664e-12,11.8361863916252,"TOR2","upstream_gene_variant"
"chr11",67998,"SNP",8.94744194534909e-12,11.0483011108085,"TOR2","upstream_gene_variant"
"chr11",68014,"SNP",1.76980905064107e-12,11.7520735882859,"TOR2","upstream_gene_variant"
"chr11",68108,"SNP",7.05272120829945e-08,7.1516432833311,"TOR2","upstream_gene_variant"
"chr11",68113,"SNP",1.34329801393399e-07,6.87182762735415,"TOR2","upstream_gene_variant"
"chr11",68117,"SNP",1.6096979245932e-08,7.79325561588804,"TOR2","upstream_gene_variant"
"chr11",68129,"SNP",2.67956490143205e-08,7.57193571949648,"TOR2","upstream_gene_variant"
"chr11",68137,"SNP",5.27914179033143e-09,8.27743667330278,"TOR2","upstream_gene_variant"
"chr11",68168,"SNP",4.48577921566697e-07,6.34816210564765,"TOR2","upstream_gene_variant"
"chr11",68184,"SNP",1.09249058309818e-09,8.96158229781394,"TOR2","upstream_gene_variant"
"chr11",68250,"SNP",2.69830587930432e-13,12.5689088203556,"PTK1","synonymous_variant"
"chr11",68298,"SNP",9.93038096243106e-10,9.00303409020472,"PTK1","synonymous_variant"
"chr11",68337,"SNP",6.06393236294425e-13,12.2172456514664,"PTK1","synonymous_variant"
"chr11",68369,"SNP",1.95813917063661e-08,7.70815644486607,"PTK1","missense_variant"
"chr11",68377,"SNP",1.55860729820757e-09,8.80726329450011,"PTK1","missense_variant"
"chr11",68447,"SNP",2.27876485066122e-16,15.64230048804,"PTK1","synonymous_variant"
"chr11",68563,"SNP",1.71369758919066e-23,22.7660658142292,"PTK1","missense_variant"
"chr11",68580,"SNP",2.76546179386496e-23,22.5582323371327,"PTK1","synonymous_variant"
"chr11",68691,"SNP",3.85400574837246e-19,18.414087641916,"PTK1","synonymous_variant"
"chr11",68802,"SNP",1.38714819624023e-12,11.8578771385149,"PTK1","synonymous_variant"
"chr11",68824,"SNP",8.57541042283217e-13,12.066745085267,"PTK1","missense_variant"
"chr11",68859,"SNP",7.44927409034222e-15,14.1278860458985,"PTK1","synonymous_variant"
"chr11",68934,"SNP",2.33202091157834e-17,16.6322675595124,"PTK1","synonymous_variant"
"chr11",68969,"SNP",2.63135041749741e-20,19.579821312974,"PTK1","missense_variant"
"chr11",68994,"SNP",5.50775166276474e-15,14.2590256497373,"PTK1","synonymous_variant"
"chr11",69070,"SNP",3.71008265284256e-13,12.4306164151091,"PTK1","missense_variant"
"chr11",69087,"SNP",5.07438170481906e-14,13.2946168674135,"PTK1","synonymous_variant"
"chr11",69153,"SNP",1.43008221236598e-15,14.8446389951569,"PTK1","synonymous_variant"
"chr11",69417,"SNP",2.52082382594167e-10,9.59845750501571,"PTK1","synonymous_variant"
"chr11",69425,"SNP",1.73592892037527e-10,9.76046806148717,"PTK1","missense_variant"
"chr11",70043,"SNP",2.88451964226429e-08,7.53992649934826,"PTK1","missense_variant"
"chr11",70422,"SNP",8.9607754703008e-08,7.04765440463481,"MNN4","upstream_gene_variant"
"chr11",70425,"SNP",9.89585412837127e-08,7.00454671512816,"MNN4","upstream_gene_variant"
"chr11",70540,"SNP",9.88290314673536e-08,7.00511546073592,"MNN4","upstream_gene_variant"
"chr11",70593,"SNP",7.09021197576901e-08,7.14934078053899,"MNN4","upstream_gene_variant"
"chr11",70690,"SNP",1.27509930065767e-07,6.89445599244698,"MNN4","upstream_gene_variant"
"chr11",70711,"SNP",1.07363656929619e-08,7.96914270435367,"MNN4","upstream_gene_variant"
"chr11",70841,"SNP",2.91027663562654e-12,11.5360657272973,"PEX1","synonymous_variant"
"chr11",71068,"SNP",1.5748643725069e-07,6.80275684175255,"PEX1","missense_variant"
"chr11",71199,"SNP",3.45730138997683e-08,7.46126275921998,"PEX1","synonymous_variant"
"chr11",71203,"SNP",3.83749339014782e-08,7.41595235956031,"PEX1","missense_variant"
"chr11",71211,"SNP",7.58601466222852e-09,8.11998632222922,"PEX1","synonymous_variant"
"chr11",71541,"SNP",4.65561059014541e-11,10.3320233525901,"PEX1","synonymous_variant"
"chr11",73132,"SNP",2.11286220111075e-08,7.67512882630249,"PEX1","missense_variant"
"chr11",73164,"SNP",4.13968411417507e-07,6.38303279721357,"PEX1","synonymous_variant"
"chr11",73279,"SNP",8.72372327337443e-09,8.05929811919978,"PEX1","missense_variant"
"chr11",73320,"SNP",2.03153278753795e-09,8.69217616406762,"PEX1","synonymous_variant"
"chr11",73424,"SNP",1.928442549961e-10,9.71479329462867,"PEX1","synonymous_variant"
"chr11",73469,"SNP",7.83399149767834e-10,9.10601690413273,"PEX1","missense_variant"
"chr11",73999,"SNP",4.21694071745905e-09,8.37500250433524,"PTK1","upstream_gene_variant"
"chr11",74052,"SNP",5.84887063811636e-07,6.23292798400059,"PTK1","upstream_gene_variant"
"chr11",74086,"SNP",6.38674130756474e-11,10.1947206744123,"PTK1","upstream_gene_variant"
"chr11",74090,"SNP",2.75296002152397e-11,10.5602000953839,"PTK1","upstream_gene_variant"
"chr11",74093,"SNP",9.99668637137571e-11,10.000143932911,"PTK1","upstream_gene_variant"
"chr11",74157,"SNP",4.79361932116642e-09,8.31933645784538,"PTK1","upstream_gene_variant"
"chr11",74223,"SNP",5.40352584689341e-10,9.26732276681363,"PTK1","upstream_gene_variant"
"chr11",74502,"SNP",4.19250222560468e-08,7.37752669817505,"PTK1","upstream_gene_variant"
"chr11",74535,"SNP",1.01432416304341e-13,12.9938232287082,"PTK1","upstream_gene_variant"
"chr11",74537,"SNP",2.46764589652993e-13,12.6077171607719,"PTK1","upstream_gene_variant"
"chr11",74561,"SNP",2.96661919990916e-16,15.5277381968553,"PTK1","upstream_gene_variant"
"chr11",74599,"SNP",4.03107566949108e-21,20.394579049395,"PTK1","upstream_gene_variant"
"chr11",74941,"SNP",6.14651115450624e-08,7.21137132589698,"YKT6","synonymous_variant"
"chr11",75013,"SNP",3.37579985465151e-07,6.47162330985358,"YKT6","synonymous_variant"
"chr11",83853,"SNP",8.06175307382006e-10,9.09357050813282,"SDS22","upstream_gene_variant"
"chr11",83889,"SNP",5.93276554769021e-09,8.22674281386654,"SDS22","upstream_gene_variant"
"chr11",83901,"SNP",5.24800252936605e-08,7.28000596431657,"SDS22","upstream_gene_variant"
"chr11",145747,"SNP",6.94820974430103e-12,11.1581270800612,"tE(UUC)K","upstream_gene_variant"
"chr11",202604,"SNP",1.60373198409425e-15,14.7948682093403,"MYO3","upstream_gene_variant"
"chr11",355603,"SNP",2.48739500507483e-13,12.6042552421115,"DCW1","upstream_gene_variant"
"chr11",355745,"SNP",7.76156844721001e-12,11.1100505082342,"DCW1","upstream_gene_variant"
"chr12",301171,"SNP",1.02680930153148e-08,7.98851020585032,"ARP6","synonymous_variant"
"chr12",375290,"SNP",1.41785974648402e-09,8.84836672708004,"AVL9","missense_variant"
"chr12",375294,"SNP",6.90285557385868e-12,11.160971213115,"AVL9","missense_variant"
"chr12",375295,"SNP",7.49453543732695e-12,11.12525528253,"AVL9","missense_variant"
"chr12",375302,"SNP",4.9000475175199e-11,10.3097997084416,"AVL9","missense_variant"
"chr12",375322,"SNP",1.67386032441749e-13,12.7762807846137,"AVL9","missense_variant"
"chr12",375385,"SNP",2.33296328781112e-08,7.63209209533676,"AVL9","missense_variant"
"chr12",399343,"SNP",1.87449048995643e-09,8.72711675858728,"DCN1","synonymous_variant"
"chr12",399382,"SNP",1.53571996310161e-07,6.81368797022086,"DCN1","synonymous_variant"
"chr12",451257,"SNP",1.8490047116035e-12,11.7330619821773,"ACS2","upstream_gene_variant"
"chr12",592887,"SNP",1.96035189183206e-07,6.70766596386612,"YLR225C","upstream_gene_variant"
"chr12",599633,"SNP",4.29176655110479e-07,6.36736390933525,"YLR230W","upstream_gene_variant"
"chr12",613752,"SNP",7.49892231293101e-08,7.1250011455652,"THI7","synonymous_variant"
"chr12",613767,"SNP",5.39209931723819e-08,7.26824211711605,"THI7","synonymous_variant"
"chr12",613771,"SNP",2.0473236684485e-07,6.68881349279955,"THI7","missense_variant"
"chr12",793724,"SNP",2.87600611095799e-21,20.5412101954962,"JIP3","upstream_gene_variant"
"chr12",793773,"SNP",2.17100775194897e-11,10.6633386258212,"JIP3","upstream_gene_variant"
"chr12",793785,"SNP",3.37673167762875e-08,7.47150344796837,"JIP3","upstream_gene_variant"
"chr12",811617,"SNP",1.26754230142031e-07,6.89703753813517,"FKS1","missense_variant"
"chr12",811718,"SNP",5.17852813751489e-07,6.28579365967328,"FKS1","synonymous_variant"
"chr12",811904,"SNP",3.33734483198547e-10,9.47659891744132,"FKS1","synonymous_variant"
"chr12",813320,"SNP",3.36907481398599e-07,6.47248934492849,"FKS1","synonymous_variant"
"chr12",813321,"SNP",5.20769454325717e-07,6.28335449718724,"FKS1","synonymous_variant"
"chr12",814955,"SNP",3.41535257456706e-09,8.46656445646703,"FKS1","synonymous_variant"
"chr12",814958,"SNP",8.5177458657214e-09,8.06967532161861,"FKS1","synonymous_variant"
"chr12",814964,"SNP",2.82868495578056e-07,6.54841541931043,"FKS1","synonymous_variant"
"chr12",814970,"SNP",1.20992837509583e-07,6.91724033813094,"FKS1","synonymous_variant"
"chr12",815036,"SNP",5.24093103313102e-08,7.28059155526167,"FKS1","synonymous_variant"
"chr12",815168,"SNP",1.85934884299785e-08,7.73063912212902,"FKS1","synonymous_variant"
"chr12",815171,"SNP",6.76151535610488e-10,9.16995596130056,"FKS1","synonymous_variant"
"chr12",815189,"SNP",2.99622243308642e-15,14.5234259486908,"FKS1","synonymous_variant"
"chr12",815192,"SNP",1.87579357025521e-16,15.7268149571254,"FKS1","synonymous_variant"
"chr12",815198,"SNP",1.74361798026024e-18,17.7585486611687,"FKS1","synonymous_variant"
"chr12",815243,"SNP",1.62198454367786e-07,6.78995328861278,"FKS1","synonymous_variant"
"chr12",815249,"SNP",4.11745224499999e-07,6.38537142915961,"FKS1","synonymous_variant"
"chr12",815254,"SNP",8.38212638203722e-08,7.07664579535047,"FKS1","missense_variant"
"chr12",815255,"SNP",4.72250136055276e-08,7.32582790828586,"FKS1","synonymous_variant"
"chr12",815258,"SNP",2.74760102835193e-07,6.56104632975102,"FKS1","synonymous_variant"
"chr12",815261,"SNP",1.78282249251715e-07,6.74889189538771,"FKS1","synonymous_variant"
"chr12",815264,"SNP",8.84681093274927e-08,7.05321325403758,"FKS1","synonymous_variant"
"chr12",815270,"SNP",4.23565561665549e-08,7.37307935778698,"FKS1","synonymous_variant"
"chr12",815271,"SNP",4.9982423947515e-08,7.30118268615467,"FKS1","missense_variant"
"chr12",815273,"SNP",3.79817249111448e-08,7.4204253159976,"FKS1","synonymous_variant"
"chr12",815276,"SNP",2.59440619382968e-08,7.58596202750852,"FKS1","synonymous_variant"
"chr12",815463,"SNP",3.52336899914759e-08,7.45304187118104,"FKS1","missense_variant"
"chr12",815466,"SNP",4.73298181452401e-08,7.32486516421298,"FKS1","missense_variant"
"chr12",815486,"SNP",9.79145075120868e-09,8.00915295614719,"FKS1","synonymous_variant"
"chr12",818279,"SNP",8.36041054011651e-11,10.0777723958948,"TRR4","upstream_gene_variant"
"chr12",954228,"SNP",3.60342309484431e-07,6.44328474232693,"YLR412C-A","upstream_gene_variant"
"chr12",1062165,"SNP",5.21840672527496e-07,6.28246207478376,"YLR460C","upstream_gene_variant"
"chr12",1062180,"SNP",1.35207365419115e-07,6.86899964956487,"YLR460C","upstream_gene_variant"
"chr12",1062189,"SNP",1.71235285432587e-08,7.7664067379669,"YLR460C","upstream_gene_variant"
"chr12",1062194,"SNP",1.33984383565184e-08,7.87294581750605,"YLR460C","upstream_gene_variant"
"chr13",21286,"SNP",1.21273434193063e-10,9.91623432400516,"PGA3","synonymous_variant"
"chr13",309524,"SNP",5.03829236085962e-08,7.29771663496731,"SOK2","upstream_gene_variant"
"chr13",310858,"SNP",6.70695362388711e-07,6.17347469663528,"YMR018W","synonymous_variant"
"chr13",316589,"SNP",1.84554780451613e-07,6.73387470095942,"FMS1","missense_variant"
"chr13",316612,"SNP",1.84932279300809e-07,6.73298727759859,"FMS1","synonymous_variant"
"chr13",321892,"SNP",5.91069868388898e-08,7.22836117958865,"MRPL3","missense_variant"
"chr13",324350,"SNP",4.48135611925155e-07,6.34859054270144,"PEX12","synonymous_variant"
"chr13",326503,"SNP",6.75575678716228e-07,6.17032599378052,"YMR027W","synonymous_variant"
"chr13",463232,"SNP",1.15186314949394e-10,9.93859911548752,"MTG1","upstream_gene_variant"
"chr13",573151,"SNP",5.65802957498888e-11,10.2473347867799,"RIM13","upstream_gene_variant"
"chr13",609579,"SNP",2.98027636613869e-13,12.5257434611842,"YMR173W-A","missense_variant"
"chr13",633893,"SNP",5.38295557444691e-07,6.26897920440355,"HSC82","synonymous_variant"
"chr13",653809,"SNP",2.46232448916313e-07,6.60865471559358,"YMR193C-A","upstream_gene_variant"
"chr13",873896,"SNP",2.35383710050112e-14,13.6282235962086,"ADH2","missense_variant"
"chr13",873897,"SNP",1.62197247622034e-14,13.789956519747,"ADH2","synonymous_variant"
"chr13",873906,"SNP",8.49455698876758e-09,8.07085926568847,"ADH2","synonymous_variant"
"chr13",873909,"SNP",3.33383808944636e-08,7.47705549585999,"ADH2","synonymous_variant"
"chr13",873914,"SNP",2.17622355631272e-09,8.6622964930336,"ADH2","missense_variant"
"chr13",873915,"SNP",4.40524371422469e-09,8.35603005982513,"ADH2","synonymous_variant"
"chr13",873921,"SNP",3.5674518731413e-09,8.44764187704167,"ADH2","synonymous_variant"
"chr13",873933,"SNP",1.90775649683561e-08,7.71947705878777,"ADH2","synonymous_variant"
"chr13",910346,"SNP",2.85945919312793e-13,12.5437160968182,"YMR317W","missense_variant"
"chr14",282685,"SNP",1.44087570568378e-09,8.84137348113178,"YNL190W","synonymous_variant"
"chr14",282688,"SNP",3.44282306565657e-10,9.46308529608229,"YNL190W","synonymous_variant"
"chr14",282694,"SNP",1.38029228568917e-10,9.8600289392357,"YNL190W","synonymous_variant"
"chr14",282700,"SNP",1.52030297272659e-10,9.8180698552976,"YNL190W","synonymous_variant"
"chr14",282745,"SNP",2.10208600287562e-12,11.6773495196064,"YNL190W","synonymous_variant"
"chr14",282751,"SNP",9.08872214857736e-13,12.0414971731953,"YNL190W","synonymous_variant"
"chr14",727231,"SNP",3.04424355673415e-15,14.5165206044921,"NOG2","upstream_gene_variant"
"chr14",753290,"SNP",1.62715238975366e-09,8.78857177162989,"YNR065C","synonymous_variant"
"chr15",160118,"SNP",1.39878833184421e-10,9.85424799906569,"ADH1","synonymous_variant"
"chr15",160139,"SNP",2.90483934618545e-13,12.5368778815162,"ADH1","synonymous_variant"
"chr15",160141,"SNP",6.62768390232923e-14,13.1786382127976,"ADH1","missense_variant"
"chr15",160142,"SNP",4.47259176114746e-14,13.3494407405423,"ADH1","synonymous_variant"
"chr15",160153,"SNP",3.99429367243834e-15,14.3985600076599,"ADH1","missense_variant"
"chr15",160154,"SNP",3.25515361935287e-15,14.487428511101,"ADH1","synonymous_variant"
"chr15",160163,"SNP",4.3201483125397e-16,15.3645013434138,"ADH1","synonymous_variant"
"chr15",160166,"SNP",1.81790513213905e-18,17.7404287842953,"ADH1","synonymous_variant"
"chr15",160171,"SNP",7.67099740010938e-17,16.1151481644471,"ADH1","missense_variant"
"chr15",160172,"SNP",8.01186471425311e-17,16.0962663926722,"ADH1","synonymous_variant"
"chr15",160178,"SNP",5.91904968078924e-18,17.2277480148175,"ADH1","synonymous_variant"
"chr15",160179,"SNP",8.99102420453819e-18,17.0461908331785,"ADH1","missense_variant"
"chr15",160190,"SNP",6.124981432017e-15,14.2128952235324,"ADH1","synonymous_variant"
"chr15",226817,"SNP",9.05771788321535e-12,11.042981210223,"THI20","upstream_gene_variant"
"chr15",299741,"SNP",3.96719791739756e-07,6.40151613270217,"YOL014W","missense_variant"
"chr15",300004,"SNP",7.83722477566249e-08,7.10583769726296,"YOL014W","synonymous_variant"
"chr15",346416,"SNP",2.67729044042356e-09,8.57230451270131,"TIR2","missense_variant"
"chr15",346417,"SNP",3.52208151789776e-09,8.45320059659036,"TIR2","synonymous_variant"
"chr15",346438,"SNP",3.1281942035505e-10,9.50470629304433,"TIR2","synonymous_variant"
"chr15",1054799,"SNP",5.13887075335834e-08,7.2891323050253,"YOR379C","upstream_gene_variant"
"chr15",1054802,"SNP",2.50657417145782e-08,7.600919439753,"YOR379C","upstream_gene_variant"
"chr15",1054937,"SNP",3.72227401033426e-07,6.42919166000805,"YOR379C","upstream_gene_variant"
"chr15",1055015,"SNP",1.43893863595581e-07,6.84195772630941,"YOR379C","upstream_gene_variant"
"chr15",1055021,"SNP",7.0633024435546e-08,7.15099219729482,"YOR379C","upstream_gene_variant"
"chr15",1055775,"SNP",4.64226605353988e-09,8.33326997325684,"FRE3","synonymous_variant"
"chr15",1055801,"SNP",5.60810824964338e-12,11.2511836120583,"FRE3","missense_variant"
"chr15",1055838,"SNP",1.26093036827789e-10,9.89930889559,"FRE3","synonymous_variant"
"chr15",1055878,"SNP",2.26643322924149e-07,6.64465707104567,"FRE3","missense_variant"
"chr15",1055920,"SNP",3.88618933274865e-08,7.41047604466137,"FRE3","missense_variant"
"chr15",1056885,"SNP",9.42461634769362e-09,8.02573631979282,"FRE3","synonymous_variant"
"chr15",1057081,"SNP",6.12236559811379e-10,9.21308073999471,"FRE3","missense_variant"
"chr15",1069076,"SNP",8.13633139130784e-08,7.08957137098927,"YOR385W","downstream_gene_variant"
"chr16",105826,"SNP",5.40481372874978e-07,6.26721926895768,"YPL238C","upstream_gene_variant"
"chr16",134206,"SNP",4.86067984889716e-07,6.31330298300614,"FLC1","synonymous_variant"
"chr16",252286,"SNP",4.0769083167356e-11,10.3896690550388,"AIM44","missense_variant"
"chr16",252295,"SNP",9.88921442684596e-10,9.0048382062427,"AIM44","missense_variant"
"chr16",252298,"SNP",2.8615291150036e-08,7.5434018309469,"AIM44","missense_variant"
"chr16",589299,"SNP",6.95704960895624e-09,8.15757489978751,"CMR3","upstream_gene_variant"
"chr16",710988,"SNP",1.76333058082739e-08,7.75366626060456,"SUA7","synonymous_variant"
"chr16",711691,"SNP",3.11215820307298e-09,8.50693833424814,"SRP54","synonymous_variant"
"chr16",926851,"SNP",2.41311746382037e-08,7.61742153733391,"OPT2","synonymous_variant"
"chr16",932313,"SNP",8.64910287011472e-09,8.06302893747908,"YPR196W","missense_variant"
"chrmito",11523,"SNP",7.21926500544419e-31,30.1415070157722,"Q0032","upstream_gene_variant"
"chrmito",11629,"SNP",2.66184533533655e-26,25.5748171825057,"Q0032","upstream_gene_variant"
"chrmito",11713,"SNP",8.93474734350178e-25,24.0489177239501,"Q0032","missense_variant"
"chrmito",11749,"SNP",7.80176209251973e-28,27.1078072972287,"Q0032","missense_variant"
"chrmito",11791,"SNP",2.3238285613119e-26,25.6337959148456,"Q0032","missense_variant"
"chrmito",11826,"SNP",4.09578748446014e-22,21.3876625854113,"Q0032","missense_variant"
"chrmito",13289,"SNP",4.68678964206408e-08,7.32912453855168,"AI1","upstream_gene_variant"
"chrmito",13291,"SNP",7.52531683084143e-08,7.12347521068568,"AI1","upstream_gene_variant"
"chrmito",13299,"SNP",3.74101301487475e-07,6.42701078090138,"AI1","upstream_gene_variant"
"chrmito",23623,"SNP",1.495559582499e-13,12.8251962801686,"COX1","synonymous_variant"
"chrmito",38976,"SNP",1.57996353437511e-17,16.8013529364648,"tE(UUC)Q","downstream_gene_variant"
"chrmito",38989,"SNP",5.03677227329739e-15,14.2978476843788,"tE(UUC)Q","downstream_gene_variant"
"chrmito",40364,"SNP",1.15686971914097e-15,14.9367155463585,"tE(UUC)Q","downstream_gene_variant"
"chrmito",46023,"SNP",4.14270518765008e-07,6.3827159718266,"OLI1","upstream_gene_variant"
"chrmito",56171,"SNP",5.85314380677682e-15,14.2326108055078,"21S_RRNA","upstream_gene_variant"
"chrmito",56384,"SNP",2.32656159777246e-18,17.6332854446486,"21S_RRNA","upstream_gene_variant"
"chrmito",63111,"SNP",1.53540775227371e-08,7.81377627097081,"tT(UGU)Q1","upstream_gene_variant"
"chrmito",63745,"SNP",1.24112261388258e-21,20.9061853112473,"tT(UGU)Q1","upstream_gene_variant"
"chrmito",65101,"SNP",4.01849933243321e-10,9.39593609948258,"Q0182","upstream_gene_variant"
"chrmito",67925,"SNP",3.50161988401283e-08,7.45573100023875,"tD(GUC)Q","upstream_gene_variant"
"chrmito",67954,"SNP",5.4076486990347e-13,12.2669915295343,"tD(GUC)Q","upstream_gene_variant"
"chrmito",67965,"SNP",5.04651188830482e-11,10.2970086993216,"tD(GUC)Q","upstream_gene_variant"
"chrmito",67966,"SNP",5.14940836179264e-11,10.2882426660984,"tD(GUC)Q","upstream_gene_variant"
"chrmito",67973,"SNP",9.00688493382774e-11,10.0454253854879,"tD(GUC)Q","upstream_gene_variant"
"chrmito",67980,"SNP",1.49846535993113e-08,7.82435329220092,"tD(GUC)Q","upstream_gene_variant"
"chrmito",67984,"SNP",2.09427241079167e-10,9.67896682847906,"tD(GUC)Q","upstream_gene_variant"
"chrmito",68050,"SNP",2.05184046369628e-07,6.68785640985159,"tD(GUC)Q","upstream_gene_variant"
"chrmito",71199,"SNP",5.36320573036494e-07,6.27057554335978,"tN(GUU)Q","upstream_gene_variant"
"chrmito",71339,"SNP",2.800437426786e-07,6.55277412679997,"tN(GUU)Q","upstream_gene_variant"
"chrmito",72605,"SNP",1.83641253313795e-07,6.73602975192536,"tM(CAU)Q1","upstream_gene_variant"
"chrmito",76285,"SNP",1.07153710772903e-07,6.96999278458211,"tF(GAA)Q","upstream_gene_variant"
"chrmito",76294,"SNP",4.61311493439636e-09,8.33600572493817,"tF(GAA)Q","upstream_gene_variant"
"chrmito",76311,"SNP",4.40811609113203e-10,9.35574697652602,"tF(GAA)Q","upstream_gene_variant"
"chrmito",76312,"SNP",5.97326426641427e-09,8.22378827097089,"tF(GAA)Q","upstream_gene_variant"
"chrmito",77707,"SNP",1.45263503357681e-12,11.8378434860554,"tV(UAC)Q","upstream_gene_variant"
"chrmito",77708,"SNP",2.17929394536411e-12,11.6616841877254,"tV(UAC)Q","upstream_gene_variant"
"chrmito",80839,"SNP",2.72804292818992e-11,10.5641487999506,"tT(XXX)Q2","upstream_gene_variant"
"chrmito",80928,"SNP",4.77697221161132e-10,9.3208472850677,"tT(XXX)Q2","upstream_gene_variant"
"chrmito",80957,"SNP",2.14637538180037e-18,17.6682943215184,"tT(XXX)Q2","upstream_gene_variant"
"chrmito",80966,"SNP",1.56858826286436e-16,15.8044910389704,"tT(XXX)Q2","upstream_gene_variant"
"chrmito",82488,"SNP",6.44250213156678e-08,7.19094542908633,"tT(XXX)Q2","upstream_gene_variant"
"chrmito",83938,"SNP",3.16839412424476e-08,7.49916080077624,"tM(CAU)Q2","upstream_gene_variant"
"chrmito",83946,"SNP",1.24562195527424e-07,6.90461374551828,"tM(CAU)Q2","upstream_gene_variant"
"chrmito",83953,"SNP",7.9238201419081e-08,7.10106539081438,"tM(CAU)Q2","upstream_gene_variant"
"chrmito",85483,"SNP",4.73305558553357e-08,7.32485839509914,"Q0297","upstream_gene_variant"
"chr1",1346,"INDEL",1.85092270543362e-09,8.73261171701401,"YAL067W-A","upstream_gene_variant"
"chr1",1512,"INDEL",1.51914271784983e-14,13.8184014238574,"YAL067W-A","upstream_gene_variant"
"chr2",311639,"INDEL",1.30967177589552e-07,6.8828375316557,"PDX3","upstream_gene_variant"
"chr2",372350,"INDEL",8.12010516196174e-17,16.0904383462559,"TIP1","frameshift_variant"
"chr2",532411,"INDEL",6.90220412914377e-07,6.16101220081825,"BMT2","upstream_gene_variant"
"chr3",315712,"INDEL",1.46879761417249e-18,17.8330380415844,NA,NA
"chr3",315715,"INDEL",1.01333505153546e-18,17.9942469347243,NA,NA
"chr4",321870,"INDEL",3.7238308876068e-10,9.42901005009855,"VAM6","upstream_gene_variant"
"chr4",382480,"INDEL",2.83831862762644e-09,8.54693885255278,"PRM7","disruptive_inframe_insertion"
"chr4",385081,"INDEL",3.88717608283788e-08,7.41036578608013,"BSC1","frameshift_variant"
"chr4",522927,"INDEL",1.30806318422451e-07,6.883371277497,"ARO3","frameshift_variant&stop_lost&splice_region_variant"
"chr4",758013,"INDEL",1.87449132131669e-27,26.7271165659722,"NUM1","disruptive_inframe_deletion"
"chr4",1095562,"INDEL",4.65019914301055e-07,6.3325284482157,"RAD34","upstream_gene_variant"
"chr4",1308634,"INDEL",2.53858334388403e-16,15.5954085737623,"HKR1","frameshift_variant"
"chr4",1308644,"INDEL",8.20537383450007e-17,16.085901627827,"HKR1","frameshift_variant"
"chr5",69243,"INDEL",6.32248280441363e-10,9.19911234315531,"YEL045C","frameshift_variant"
"chr5",152271,"INDEL",7.38711329855271e-12,11.1315252400126,"WBP1","upstream_gene_variant"
"chr5",156477,"INDEL",2.79554366782312e-11,10.5535337194502,"NOP16","upstream_gene_variant"
"chr5",171934,"INDEL",2.45983907062102e-07,6.60909330469639,"SNR14","upstream_gene_variant"
"chr5",172615,"INDEL",2.02440031853829e-07,6.69370360302724,"SEC3","upstream_gene_variant"
"chr5",175619,"INDEL",2.44707990375183e-08,7.61135184953176,"TIR1","disruptive_inframe_deletion"
"chr6",989,"INDEL",1.03683498085131e-18,17.9842903589519,"YFL067W","frameshift_variant"
"chr6",210344,"INDEL",2.80698090513762e-44,43.5517605417017,"ULI1","upstream_gene_variant"
"chr7",53130,"INDEL",3.18630870816803e-07,6.49671214951451,"HAP2","disruptive_inframe_insertion"
"chr7",158910,"INDEL",5.01611331314576e-20,19.2996326614281,"GTS1","disruptive_inframe_deletion"
"chr7",158926,"INDEL",3.79735893829685e-12,11.4205183500411,"GTS1","frameshift_variant"
"chr7",280162,"INDEL",4.45373782526083e-09,8.35127535182684,"NAB2","disruptive_inframe_deletion"
"chr7",324207,"INDEL",3.70248650182631e-07,6.43150651611345,"TOS8","upstream_gene_variant"
"chr7",529641,"INDEL",1.07820109909667e-09,8.96730022979604,"MTL1","disruptive_inframe_insertion"
"chr7",530013,"INDEL",3.54691394052596e-08,7.45014934877308,"MTL1","disruptive_inframe_insertion"
"chr7",530031,"INDEL",5.04762174178452e-07,6.29691319766463,"MTL1","disruptive_inframe_insertion"
"chr7",877185,"INDEL",3.2187367522536e-07,6.49231454108969,"CRH1","disruptive_inframe_deletion"
"chr7",882405,"INDEL",2.84358560057129e-08,7.54613369363084,"CRH1","upstream_gene_variant"
"chr8",5787,"INDEL",6.16929106912417e-08,7.2097647391202,"YHL048C-A","frameshift_variant"
"chr8",38662,"INDEL",1.05655186554641e-07,6.97610917881259,"SBP1","upstream_gene_variant"
"chr8",134251,"INDEL",8.4234269034368e-08,7.0745111884918,"ARD1","upstream_gene_variant"
"chr8",134267,"INDEL",4.17406829987009e-10,9.37944044889442,"ARD1","upstream_gene_variant"
"chr8",467079,"INDEL",5.54467613971861e-07,6.25612381558167,"YHR180W-A","disruptive_inframe_insertion"
"chr9",128654,"INDEL",1.26309261490653e-15,14.8985648041017,"SIM1","disruptive_inframe_deletion"
"chr9",137120,"INDEL",1.55613769560618e-07,6.80795197688609,"RPI1","conservative_inframe_insertion"
"chr9",146883,"INDEL",1.09698035388641e-57,56.9598011502513,"NUP159","disruptive_inframe_insertion"
"chr9",146900,"INDEL",3.20755481882625e-08,7.49382591256479,"NUP159","conservative_inframe_deletion"
"chr9",146955,"INDEL",1.22117518567806e-09,8.91322202916258,"NUP159","disruptive_inframe_deletion"
"chr9",393335,"INDEL",6.92373570196939e-08,7.15965951869483,"FLO11","frameshift_variant"
"chr9",400016,"INDEL",5.66013340972864e-19,18.2471733323407,"DAL81","disruptive_inframe_deletion"
"chr9",400025,"INDEL",3.20383951918291e-15,14.4943292459208,"DAL81","disruptive_inframe_deletion"
"chr9",400043,"INDEL",4.37855013321384e-13,12.3586696733736,"DAL81","disruptive_inframe_deletion"
"chr9",432385,"INDEL",4.77846524556123e-07,6.32071156832758,"YPS6","upstream_gene_variant"
"chr9",438741,"INDEL",1.75029583839052e-09,8.75688853981549,"YIR042C","upstream_gene_variant"
"chr10",50009,"INDEL",1.42058837239496e-08,7.84753174437702,"LAA1","upstream_gene_variant"
"chr10",59239,"INDEL",1.20317984459458e-09,8.9196694518976,"YJL202C","upstream_gene_variant"
"chr10",59565,"INDEL",7.25773359661884e-08,7.13919897711669,"ACO2","upstream_gene_variant"
"chr10",59569,"INDEL",1.70642830201214e-07,6.76791195449617,"ACO2","upstream_gene_variant"
"chr10",79553,"INDEL",1.54396838001216e-11,10.8113615981239,"RPS22A","upstream_gene_variant"
"chr10",82010,"INDEL",1.56672283997771e-10,9.80500782530203,"SWE1","upstream_gene_variant"
"chr10",96818,"INDEL",5.31392355203213e-08,7.27458469779353,"SWI3","upstream_gene_variant"
"chr10",439622,"INDEL",8.55278021483563e-09,8.06789268811475,"MPP10","frameshift_variant"
"chr10",606453,"INDEL",3.78530476427764e-09,8.42189914863004,"FIP1","upstream_gene_variant"
"chr10",606780,"INDEL",4.33654140525469e-08,7.36285650261442,"FIP1","upstream_gene_variant"
"chr10",606786,"INDEL",1.60124788750323e-08,7.79554143020357,"FIP1","upstream_gene_variant"
"chr10",606788,"INDEL",4.14323577667343e-08,7.38266035185868,"FIP1","upstream_gene_variant"
"chr10",745542,"INDEL",1.95645081942547e-23,22.7085310647685,"COS5","upstream_gene_variant"
"chr10",745543,"INDEL",6.10555518685171e-24,23.2142748389061,"COS5","upstream_gene_variant"
"chr10",745547,"INDEL",5.5522837560914e-24,23.2555283468479,"COS5","upstream_gene_variant"
"chr11",38152,"INDEL",1.59498532035841e-07,6.79724330967055,"TRP3","frameshift_variant&start_lost"
"chr11",38174,"INDEL",1.44814764980642e-07,6.83918715621406,"DOA1","upstream_gene_variant"
"chr11",42394,"INDEL",1.23656443114098e-08,7.90778324981625,"TRP3","upstream_gene_variant"
"chr11",66439,"INDEL",6.05530642273879e-11,10.217863874926,"MNN4","conservative_inframe_insertion"
"chr11",67700,"INDEL",8.20380209658512e-10,9.08598482482704,"TOR2","upstream_gene_variant"
"chr11",67892,"INDEL",2.48315560034015e-08,7.60499606568433,"TOR2","upstream_gene_variant"
"chr11",68355,"INDEL",1.36126208149105e-09,8.86605825276299,"PTK1","disruptive_inframe_deletion"
"chr11",68361,"INDEL",2.30805124058502e-07,6.63675455372415,"PTK1","disruptive_inframe_deletion"
"chr11",74516,"INDEL",1.10716418783131e-08,7.95578797028506,"PTK1","upstream_gene_variant"
"chr11",74612,"INDEL",3.78626922244605e-20,19.4217885087912,"PTK1","upstream_gene_variant"
"chr11",74615,"INDEL",4.4262172996192e-19,18.3539672687393,"PTK1","upstream_gene_variant"
"chr11",74922,"INDEL",3.11809044447512e-09,8.50611129165944,"PTK1","upstream_gene_variant"
"chr11",83878,"INDEL",4.1344059825516e-11,10.3835868795895,"SDS22","upstream_gene_variant"
"chr11",226258,"INDEL",8.3261782293518e-11,10.0795542968848,"PRR1","upstream_gene_variant"
"chr11",389134,"INDEL",3.06713902368374e-10,9.51326653837998,"MAE1","upstream_gene_variant"
"chr12",150541,"INDEL",2.64179770352499e-08,7.57810044168233,"SFI1","downstream_gene_variant"
"chr12",329749,"INDEL",5.58373300648791e-13,12.2530753562483,"IOC2","disruptive_inframe_insertion"
"chr12",329759,"INDEL",1.1503079450765e-10,9.93918588056424,"IOC2","conservative_inframe_insertion"
"chr12",375308,"INDEL",4.4087970910003e-11,10.3556798885374,"AVL9","disruptive_inframe_deletion"
"chr12",375353,"INDEL",3.82293393663197e-17,16.4176032068735,"AVL9","conservative_inframe_insertion"
"chr12",375374,"INDEL",2.24794569711402e-15,14.6482141840854,"AVL9","disruptive_inframe_deletion"
"chr12",375388,"INDEL",5.30580238020558e-09,8.27524892977482,"AVL9","disruptive_inframe_insertion"
"chr12",813110,"INDEL",5.56401477173775e-07,6.25461172568293,"FKS1","frameshift_variant"
"chr12",813116,"INDEL",3.13025259830278e-07,6.50442061528976,"FKS1","frameshift_variant"
"chr12",815471,"INDEL",9.72089884372973e-09,8.01229357614123,"FKS1","frameshift_variant"
"chr12",815531,"INDEL",4.1278713669629e-10,9.3842738446872,"FKS1","frameshift_variant"
"chr12",815533,"INDEL",3.82619045150301e-10,9.41723341643672,"FKS1","disruptive_inframe_deletion"
"chr12",818466,"INDEL",5.83759623297141e-07,6.23376594700759,"TRR4","upstream_gene_variant"
"chr13",463236,"INDEL",2.38150613189112e-11,10.6231482959315,"MTG1","upstream_gene_variant"
"chr13",588563,"INDEL",4.14131797900807e-07,6.38286142218375,"MSS11","conservative_inframe_insertion"
"chr14",254840,"INDEL",2.25623677474298e-09,8.6466153264225,"YNL208W","disruptive_inframe_insertion"
"chr14",704450,"INDEL",9.76167880074249e-17,16.0104754865136,"AGA1","frameshift_variant"
"chr14",704477,"INDEL",2.34088548908921e-20,19.6306198305037,"AGA1","frameshift_variant"
"chr15",115083,"INDEL",1.4678899136176e-15,14.8333065136987,"WSC3","disruptive_inframe_insertion"
"chr15",346405,"INDEL",1.67537077599933e-10,9.77588906435794,"TIR2","disruptive_inframe_deletion"
"chr15",407924,"INDEL",5.23014650277355e-08,7.28148614584496,"HIR2","upstream_gene_variant"
"chr15",1057039,"INDEL",8.30391069942896e-08,7.08071732988986,"FRE3","frameshift_variant"
"chr16",572049,"INDEL",3.29883179489984e-09,8.4816398282586,"ICL2","upstream_gene_variant"
"chr16",589296,"INDEL",1.72200645714768e-09,8.76396522436997,"CMR3","upstream_gene_variant"
"chr16",589300,"INDEL",1.12068039766862e-07,6.95051822444264,"CMR3","upstream_gene_variant"
"chrmito",2871,"INDEL",1.4746974612559e-08,7.83129706740367,"Q0010","upstream_gene_variant"
"chrmito",6165,"INDEL",4.15635211609808e-07,6.38128766717824,"15S_RRNA","upstream_gene_variant"
"chrmito",9770,"INDEL",5.78687421431256e-08,7.23755595752304,"Q0032","upstream_gene_variant"
"chrmito",9836,"INDEL",1.76957386842245e-10,9.75213130362343,"Q0032","upstream_gene_variant"
"chrmito",11566,"INDEL",1.40028264481526e-30,29.8537842938259,"Q0032","upstream_gene_variant"
"chrmito",11824,"INDEL",4.72381192106395e-24,23.3257074021826,"Q0032","frameshift_variant"
"chrmito",13300,"INDEL",3.08877673158546e-07,6.51021348300473,"AI1","upstream_gene_variant"
"chrmito",29474,"INDEL",1.51841884296386e-62,61.8186084154644,"Q0092","upstream_gene_variant"
"chrmito",31529,"INDEL",5.37438845432001e-10,9.26967094648665,"tE(UUC)Q","upstream_gene_variant"
"chrmito",42965,"INDEL",1.02496765839728e-17,16.989289838024,"OLI1","upstream_gene_variant"
"chrmito",43978,"INDEL",2.1755454563301e-09,8.66243183803107,"OLI1","upstream_gene_variant"
"chrmito",44177,"INDEL",1.13973353174913e-12,11.9431966742935,"OLI1","upstream_gene_variant"
"chrmito",46314,"INDEL",3.48774563373166e-28,27.4574551963011,"OLI1","upstream_gene_variant"
"chrmito",63172,"INDEL",5.01844744237853e-07,6.2994306198064,"tT(UGU)Q1","upstream_gene_variant"
"chrmito",63731,"INDEL",5.60048644971298e-11,10.251774249199,"tT(UGU)Q1","upstream_gene_variant"
"chrmito",63736,"INDEL",2.28971930318156e-16,15.640217754582,"tT(UGU)Q1","upstream_gene_variant"
"chrmito",65911,"INDEL",2.61336470441462e-11,10.5827999786912,"Q0182","frameshift_variant"
"chrmito",65917,"INDEL",1.48251138008915e-08,7.82900196420926,"Q0182","frameshift_variant"
"chrmito",68006,"INDEL",6.81943353189727e-08,7.16625169927148,"tD(GUC)Q","upstream_gene_variant"
"chrmito",71213,"INDEL",1.22509984717177e-07,6.91182851431283,"tN(GUU)Q","upstream_gene_variant"
"chrmito",71215,"INDEL",3.62159086803711e-07,6.44110061359953,"tN(GUU)Q","upstream_gene_variant"
"chrmito",71351,"INDEL",5.44370384422866e-07,6.26410550990439,"tN(GUU)Q","upstream_gene_variant"
"chrmito",77713,"INDEL",1.03807327484552e-11,10.9837719897073,"tV(UAC)Q","upstream_gene_variant"
"chrmito",80915,"INDEL",4.91476908416502e-13,12.3084968822731,"tT(XXX)Q2","upstream_gene_variant"
"chrmito",81211,"INDEL",3.10160430566558e-10,9.50841360911024,"tT(XXX)Q2","upstream_gene_variant"
"chrmito",83380,"INDEL",1.13181368364341e-07,6.94622505974253,"tM(CAU)Q2","upstream_gene_variant"
"chrmito",83737,"INDEL",1.10314267055164e-10,9.95736831618502,"tM(CAU)Q2","upstream_gene_variant"
"chrmito",84469,"INDEL",6.21611223601334e-13,12.2064811526625,"tM(CAU)Q2","upstream_gene_variant"
